Graph Name,Query Name,Annotation Method,Median Client-Side Runtime
s_all_comment,all_descendants,baseline,6.258
s_all_comment,all_descendants,dewey,283.798
s_all_comment,all_descendants,prepost,155.292
s_all_comment,all_children,baseline,5.133
s_all_comment,all_children,dewey,253.466
s_all_comment,all_children,prepost,165.682
s_all_comment,all_leaves,baseline,19.925
s_all_comment,all_leaves,dewey,478.514
s_all_comment,all_leaves,prepost,212.068
s_all_comment,count_descendants,baseline,10.999
s_all_comment,count_descendants,dewey,103.973
s_all_comment,count_descendants,prepost,0.898
s_all_comment,count_leaves,baseline,16.642
s_all_comment,count_leaves,dewey,248.382
s_all_comment,count_leaves,prepost,57.249
s_all_comment,check_same_subtree_true,baseline,20.041
s_all_comment,check_same_subtree_true,dewey,103.113
s_all_comment,check_same_subtree_true,prepost,366.824
s_all_comment,all_ancestors,baseline,9.782
s_all_comment,all_ancestors,dewey,357.429
s_all_comment,all_ancestors,prepost,262.603
s_all_comment,check_if_ancestor_true,baseline,48.762
s_all_comment,check_if_ancestor_true,dewey,2.275
s_all_comment,check_if_ancestor_true,prepost,1.799
s_all_comment,check_same_subtree_false,baseline,19.863
s_all_comment,check_same_subtree_false,dewey,109.791
s_all_comment,check_same_subtree_false,prepost,362.915
s_all_comment,check_if_ancestor_false,baseline,54.528
s_all_comment,check_if_ancestor_false,dewey,2.364
s_all_comment,check_if_ancestor_false,prepost,1.855
truebase_100,all_descendants,baseline,8.718
truebase_100,all_descendants,dewey,5.521
truebase_100,all_descendants,prepost,5.262
truebase_100,all_children,baseline,3.768
truebase_100,all_children,dewey,7.131
truebase_100,all_children,prepost,6.175
truebase_100,all_leaves,baseline,13.57
truebase_100,all_leaves,dewey,10.796
truebase_100,all_leaves,prepost,6.812
truebase_100,count_descendants,baseline,10.15
truebase_100,count_descendants,dewey,10.619
truebase_100,count_descendants,prepost,1.198
truebase_100,count_leaves,baseline,18.079
truebase_100,count_leaves,dewey,16.981
truebase_100,count_leaves,prepost,12.277
truebase_100,check_same_subtree_true,baseline,21.823
truebase_100,check_same_subtree_true,dewey,12.14
truebase_100,check_same_subtree_true,prepost,8.073
truebase_100,all_ancestors,baseline,11.6
truebase_100,all_ancestors,dewey,6.167
truebase_100,all_ancestors,prepost,6.852
truebase_100,check_if_ancestor_true,baseline,51.112
truebase_100,check_if_ancestor_true,dewey,2.148
truebase_100,check_if_ancestor_true,prepost,1.691
truebase_100,check_same_subtree_false,baseline,18.97
truebase_100,check_same_subtree_false,dewey,13.848
truebase_100,check_same_subtree_false,prepost,8.228
truebase_100,check_if_ancestor_false,baseline,53.985
truebase_100,check_if_ancestor_false,dewey,2.201
truebase_100,check_if_ancestor_false,prepost,1.749
ultrawide_100000,all_descendants,baseline,288.254
ultrawide_100000,all_descendants,dewey,29.193
ultrawide_100000,all_descendants,prepost,35.163
ultrawide_100000,all_children,baseline,7.555
ultrawide_100000,all_children,dewey,23.833
ultrawide_100000,all_children,prepost,21.48
ultrawide_100000,all_leaves,baseline,290.455
ultrawide_100000,all_leaves,dewey,75.19
ultrawide_100000,all_leaves,prepost,34.762
ultrawide_100000,count_descendants,baseline,245.495
ultrawide_100000,count_descendants,dewey,31.069
ultrawide_100000,count_descendants,prepost,1.066
ultrawide_100000,count_leaves,baseline,243.171
ultrawide_100000,count_leaves,dewey,81.096
ultrawide_100000,count_leaves,prepost,17.521
ultrawide_100000,check_same_subtree_true,baseline,17.498
ultrawide_100000,check_same_subtree_true,dewey,16.058
ultrawide_100000,check_same_subtree_true,prepost,35.9
ultrawide_100000,all_ancestors,baseline,13.365
ultrawide_100000,all_ancestors,dewey,40.375
ultrawide_100000,all_ancestors,prepost,22.264
ultrawide_100000,check_if_ancestor_true,baseline,60.648
ultrawide_100000,check_if_ancestor_true,dewey,2.4
ultrawide_100000,check_if_ancestor_true,prepost,1.915
ultrawide_100000,check_same_subtree_false,baseline,23.788
ultrawide_100000,check_same_subtree_false,dewey,16.036
ultrawide_100000,check_same_subtree_false,prepost,39.084
ultrawide_100000,check_if_ancestor_false,baseline,59.284
ultrawide_100000,check_if_ancestor_false,dewey,2.329
ultrawide_100000,check_if_ancestor_false,prepost,1.658
truebase_10000,all_descendants,baseline,56.121
truebase_10000,all_descendants,dewey,12.876
truebase_10000,all_descendants,prepost,12.663
truebase_10000,all_children,baseline,3.995
truebase_10000,all_children,dewey,3.608
truebase_10000,all_children,prepost,5.344
truebase_10000,all_leaves,baseline,34.847
truebase_10000,all_leaves,dewey,17.584
truebase_10000,all_leaves,prepost,7.653
truebase_10000,count_descendants,baseline,27.711
truebase_10000,count_descendants,dewey,7.067
truebase_10000,count_descendants,prepost,1.103
truebase_10000,count_leaves,baseline,41.983
truebase_10000,count_leaves,dewey,22.386
truebase_10000,count_leaves,prepost,11.137
truebase_10000,check_same_subtree_true,baseline,21.156
truebase_10000,check_same_subtree_true,dewey,13.892
truebase_10000,check_same_subtree_true,prepost,11.653
truebase_10000,all_ancestors,baseline,13.998
truebase_10000,all_ancestors,dewey,10.095
truebase_10000,all_ancestors,prepost,7.003
truebase_10000,check_if_ancestor_true,baseline,51.464
truebase_10000,check_if_ancestor_true,dewey,2.133
truebase_10000,check_if_ancestor_true,prepost,1.82
truebase_10000,check_same_subtree_false,baseline,25.96
truebase_10000,check_same_subtree_false,dewey,15.996
truebase_10000,check_same_subtree_false,prepost,12.101
truebase_10000,check_if_ancestor_false,baseline,57.29
truebase_10000,check_if_ancestor_false,dewey,2.504
truebase_10000,check_if_ancestor_false,prepost,1.928
ultratall_100000,all_descendants,baseline,323.967
ultratall_100000,all_descendants,dewey,38.151
ultratall_100000,all_descendants,prepost,35.159
ultratall_100000,all_children,baseline,6.652
ultratall_100000,all_children,dewey,22.147
ultratall_100000,all_children,prepost,18.243
ultratall_100000,all_leaves,baseline,325.391
ultratall_100000,all_leaves,dewey,70.621
ultratall_100000,all_leaves,prepost,27.699
ultratall_100000,count_descendants,baseline,279.416
ultratall_100000,count_descendants,dewey,26.319
ultratall_100000,count_descendants,prepost,1.212
ultratall_100000,count_leaves,baseline,295.568
ultratall_100000,count_leaves,dewey,80.634
ultratall_100000,count_leaves,prepost,13.778
ultratall_100000,check_same_subtree_true,baseline,24.457
ultratall_100000,check_same_subtree_true,dewey,18.529
ultratall_100000,check_same_subtree_true,prepost,39.64
ultratall_100000,all_ancestors,baseline,16.975
ultratall_100000,all_ancestors,dewey,30.322
ultratall_100000,all_ancestors,prepost,20.354
ultratall_100000,check_if_ancestor_true,baseline,61.784
ultratall_100000,check_if_ancestor_true,dewey,2.101
ultratall_100000,check_if_ancestor_true,prepost,1.825
ultratall_100000,check_same_subtree_false,baseline,25.56
ultratall_100000,check_same_subtree_false,dewey,18.581
ultratall_100000,check_same_subtree_false,prepost,37.763
ultratall_100000,check_if_ancestor_false,baseline,61.194
ultratall_100000,check_if_ancestor_false,dewey,2.363
ultratall_100000,check_if_ancestor_false,prepost,1.932
truebase_10,all_descendants,baseline,3.686
truebase_10,all_descendants,dewey,1.908
truebase_10,all_descendants,prepost,2.915
truebase_10,all_children,baseline,4.699
truebase_10,all_children,dewey,3.825
truebase_10,all_children,prepost,7.334
truebase_10,all_leaves,baseline,12.114
truebase_10,all_leaves,dewey,7.109
truebase_10,all_leaves,prepost,7.412
truebase_10,count_descendants,baseline,12.678
truebase_10,count_descendants,dewey,9.745
truebase_10,count_descendants,prepost,1.325
truebase_10,count_leaves,baseline,17.362
truebase_10,count_leaves,dewey,15.155
truebase_10,count_leaves,prepost,12.181
truebase_10,check_same_subtree_true,baseline,20.195
truebase_10,check_same_subtree_true,dewey,13.685
truebase_10,check_same_subtree_true,prepost,7.981
truebase_10,all_ancestors,baseline,12.821
truebase_10,all_ancestors,dewey,6.323
truebase_10,all_ancestors,prepost,6.625
truebase_10,check_if_ancestor_true,baseline,53.544
truebase_10,check_if_ancestor_true,dewey,2.355
truebase_10,check_if_ancestor_true,prepost,1.695
truebase_10,check_same_subtree_false,baseline,20.96
truebase_10,check_same_subtree_false,dewey,13.852
truebase_10,check_same_subtree_false,prepost,8.065
truebase_10,check_if_ancestor_false,baseline,59.419
truebase_10,check_if_ancestor_false,dewey,2.026
truebase_10,check_if_ancestor_false,prepost,1.776
ultrawide_100,all_descendants,baseline,3.482
ultrawide_100,all_descendants,dewey,2.093
ultrawide_100,all_descendants,prepost,2.123
ultrawide_100,all_children,baseline,1.936
ultrawide_100,all_children,dewey,2.758
ultrawide_100,all_children,prepost,3.087
ultrawide_100,all_leaves,baseline,9.36
ultrawide_100,all_leaves,dewey,9.468
ultrawide_100,all_leaves,prepost,4.811
ultrawide_100,count_descendants,baseline,6.259
ultrawide_100,count_descendants,dewey,4.33
ultrawide_100,count_descendants,prepost,1.154
ultrawide_100,count_leaves,baseline,18.369
ultrawide_100,count_leaves,dewey,14.7
ultrawide_100,count_leaves,prepost,11.983
ultrawide_100,check_same_subtree_true,baseline,19.425
ultrawide_100,check_same_subtree_true,dewey,13.128
ultrawide_100,check_same_subtree_true,prepost,7.857
ultrawide_100,all_ancestors,baseline,12.327
ultrawide_100,all_ancestors,dewey,7.201
ultrawide_100,all_ancestors,prepost,6.415
ultrawide_100,check_if_ancestor_true,baseline,56.16
ultrawide_100,check_if_ancestor_true,dewey,2.091
ultrawide_100,check_if_ancestor_true,prepost,1.848
ultrawide_100,check_same_subtree_false,baseline,20.43
ultrawide_100,check_same_subtree_false,dewey,14.871
ultrawide_100,check_same_subtree_false,prepost,8.326
ultrawide_100,check_if_ancestor_false,baseline,56.283
ultrawide_100,check_if_ancestor_false,dewey,2.23
ultrawide_100,check_if_ancestor_false,prepost,1.899
ultrawide_1000,all_descendants,baseline,10.751
ultrawide_1000,all_descendants,dewey,2.865
ultrawide_1000,all_descendants,prepost,3.534
ultrawide_1000,all_children,baseline,4.898
ultrawide_1000,all_children,dewey,4.157
ultrawide_1000,all_children,prepost,6.253
ultrawide_1000,all_leaves,baseline,26.976
ultrawide_1000,all_leaves,dewey,9.455
ultrawide_1000,all_leaves,prepost,7.086
ultrawide_1000,count_descendants,baseline,16.189
ultrawide_1000,count_descendants,dewey,11.074
ultrawide_1000,count_descendants,prepost,1.235
ultrawide_1000,count_leaves,baseline,22.704
ultrawide_1000,count_leaves,dewey,15.926
ultrawide_1000,count_leaves,prepost,11.587
ultrawide_1000,check_same_subtree_true,baseline,23.637
ultrawide_1000,check_same_subtree_true,dewey,15.194
ultrawide_1000,check_same_subtree_true,prepost,9.013
ultrawide_1000,all_ancestors,baseline,16.694
ultrawide_1000,all_ancestors,dewey,6.542
ultrawide_1000,all_ancestors,prepost,6.325
ultrawide_1000,check_if_ancestor_true,baseline,58.446
ultrawide_1000,check_if_ancestor_true,dewey,2.154
ultrawide_1000,check_if_ancestor_true,prepost,1.869
ultrawide_1000,check_same_subtree_false,baseline,21.477
ultrawide_1000,check_same_subtree_false,dewey,13.203
ultrawide_1000,check_same_subtree_false,prepost,8.426
ultrawide_1000,check_if_ancestor_false,baseline,32.044
ultrawide_1000,check_if_ancestor_false,dewey,1.478
ultrawide_1000,check_if_ancestor_false,prepost,1.326
ultratall_100,all_descendants,baseline,5.349
ultratall_100,all_descendants,dewey,2.0
ultratall_100,all_descendants,prepost,2.199
ultratall_100,all_children,baseline,3.539
ultratall_100,all_children,dewey,2.138
ultratall_100,all_children,prepost,3.939
ultratall_100,all_leaves,baseline,19.145
ultratall_100,all_leaves,dewey,7.87
ultratall_100,all_leaves,prepost,7.163
ultratall_100,count_descendants,baseline,12.589
ultratall_100,count_descendants,dewey,8.158
ultratall_100,count_descendants,prepost,1.315
ultratall_100,count_leaves,baseline,19.203
ultratall_100,count_leaves,dewey,16.854
ultratall_100,count_leaves,prepost,14.291
ultratall_100,check_same_subtree_true,baseline,21.425
ultratall_100,check_same_subtree_true,dewey,12.736
ultratall_100,check_same_subtree_true,prepost,7.582
ultratall_100,all_ancestors,baseline,8.298
ultratall_100,all_ancestors,dewey,5.073
ultratall_100,all_ancestors,prepost,4.961
ultratall_100,check_if_ancestor_true,baseline,25.456
ultratall_100,check_if_ancestor_true,dewey,1.631
ultratall_100,check_if_ancestor_true,prepost,1.466
ultratall_100,check_same_subtree_false,baseline,8.624
ultratall_100,check_same_subtree_false,dewey,7.517
ultratall_100,check_same_subtree_false,prepost,3.969
ultratall_100,check_if_ancestor_false,baseline,26.392
ultratall_100,check_if_ancestor_false,dewey,1.398
ultratall_100,check_if_ancestor_false,prepost,1.385
s_all_place,all_descendants,baseline,8.66
s_all_place,all_descendants,dewey,3.242
s_all_place,all_descendants,prepost,3.147
s_all_place,all_children,baseline,2.745
s_all_place,all_children,dewey,3.998
s_all_place,all_children,prepost,5.326
s_all_place,all_leaves,baseline,11.752
s_all_place,all_leaves,dewey,12.367
s_all_place,all_leaves,prepost,6.642
s_all_place,count_descendants,baseline,13.036
s_all_place,count_descendants,dewey,11.234
s_all_place,count_descendants,prepost,1.178
s_all_place,count_leaves,baseline,16.394
s_all_place,count_leaves,dewey,14.069
s_all_place,count_leaves,prepost,6.252
s_all_place,check_same_subtree_true,baseline,11.34
s_all_place,check_same_subtree_true,dewey,7.654
s_all_place,check_same_subtree_true,prepost,5.136
s_all_place,all_ancestors,baseline,10.968
s_all_place,all_ancestors,dewey,4.847
s_all_place,all_ancestors,prepost,4.791
s_all_place,check_if_ancestor_true,baseline,22.118
s_all_place,check_if_ancestor_true,dewey,1.337
s_all_place,check_if_ancestor_true,prepost,1.326
s_all_place,check_same_subtree_false,baseline,14.419
s_all_place,check_same_subtree_false,dewey,8.595
s_all_place,check_same_subtree_false,prepost,5.821
s_all_place,check_if_ancestor_false,baseline,25.552
s_all_place,check_if_ancestor_false,dewey,1.438
s_all_place,check_if_ancestor_false,prepost,1.441
s1,all_descendants,baseline,7.161
s1,all_descendants,dewey,129.146
s1,all_descendants,prepost,57.057
s1,all_children,baseline,6.864
s1,all_children,dewey,101.8
s1,all_children,prepost,59.907
s1,all_leaves,baseline,19.178
s1,all_leaves,dewey,280.239
s1,all_leaves,prepost,87.494
s1,count_descendants,baseline,9.875
s1,count_descendants,dewey,90.649
s1,count_descendants,prepost,1.111
s1,count_leaves,baseline,14.627
s1,count_leaves,dewey,242.609
s1,count_leaves,prepost,53.156
s1,check_same_subtree_true,baseline,19.459
s1,check_same_subtree_true,dewey,108.997
s1,check_same_subtree_true,prepost,203.716
s1,all_ancestors,baseline,11.125
s1,all_ancestors,dewey,209.689
s1,all_ancestors,prepost,100.936
s1,check_if_ancestor_true,baseline,54.594
s1,check_if_ancestor_true,dewey,2.222
s1,check_if_ancestor_true,prepost,1.68
s1,check_same_subtree_false,baseline,17.084
s1,check_same_subtree_false,dewey,108.926
s1,check_same_subtree_false,prepost,212.217
s1,check_if_ancestor_false,baseline,53.382
s1,check_if_ancestor_false,dewey,2.066
s1,check_if_ancestor_false,prepost,1.892
s_all_tagclass,all_descendants,baseline,4.502
s_all_tagclass,all_descendants,dewey,2.015
s_all_tagclass,all_descendants,prepost,2.294
s_all_tagclass,all_children,baseline,6.029
s_all_tagclass,all_children,dewey,5.332
s_all_tagclass,all_children,prepost,5.621
s_all_tagclass,all_leaves,baseline,17.414
s_all_tagclass,all_leaves,dewey,12.801
s_all_tagclass,all_leaves,prepost,7.83
s_all_tagclass,count_descendants,baseline,12.802
s_all_tagclass,count_descendants,dewey,10.412
s_all_tagclass,count_descendants,prepost,1.199
s_all_tagclass,count_leaves,baseline,17.443
s_all_tagclass,count_leaves,dewey,16.623
s_all_tagclass,count_leaves,prepost,12.986
s_all_tagclass,check_same_subtree_true,baseline,22.102
s_all_tagclass,check_same_subtree_true,dewey,13.635
s_all_tagclass,check_same_subtree_true,prepost,7.973
s_all_tagclass,all_ancestors,baseline,12.131
s_all_tagclass,all_ancestors,dewey,6.991
s_all_tagclass,all_ancestors,prepost,6.931
s_all_tagclass,check_if_ancestor_true,baseline,53.675
s_all_tagclass,check_if_ancestor_true,dewey,2.327
s_all_tagclass,check_if_ancestor_true,prepost,1.691
s_all_tagclass,check_same_subtree_false,baseline,21.47
s_all_tagclass,check_same_subtree_false,dewey,12.138
s_all_tagclass,check_same_subtree_false,prepost,7.973
s_all_tagclass,check_if_ancestor_false,baseline,53.046
s_all_tagclass,check_if_ancestor_false,dewey,2.265
s_all_tagclass,check_if_ancestor_false,prepost,1.903
ultratall_10000,all_descendants,baseline,91.91
ultratall_10000,all_descendants,dewey,11.014
ultratall_10000,all_descendants,prepost,9.035
ultratall_10000,all_children,baseline,6.678
ultratall_10000,all_children,dewey,8.125
ultratall_10000,all_children,prepost,8.78
ultratall_10000,all_leaves,baseline,91.162
ultratall_10000,all_leaves,dewey,19.679
ultratall_10000,all_leaves,prepost,8.737
ultratall_10000,count_descendants,baseline,70.685
ultratall_10000,count_descendants,dewey,12.115
ultratall_10000,count_descendants,prepost,1.343
ultratall_10000,count_leaves,baseline,82.027
ultratall_10000,count_leaves,dewey,22.078
ultratall_10000,count_leaves,prepost,11.399
ultratall_10000,check_same_subtree_true,baseline,22.011
ultratall_10000,check_same_subtree_true,dewey,13.298
ultratall_10000,check_same_subtree_true,prepost,11.602
ultratall_10000,all_ancestors,baseline,16.134
ultratall_10000,all_ancestors,dewey,8.714
ultratall_10000,all_ancestors,prepost,7.527
ultratall_10000,check_if_ancestor_true,baseline,56.625
ultratall_10000,check_if_ancestor_true,dewey,2.091
ultratall_10000,check_if_ancestor_true,prepost,1.818
ultratall_10000,check_same_subtree_false,baseline,25.759
ultratall_10000,check_same_subtree_false,dewey,12.22
ultratall_10000,check_same_subtree_false,prepost,10.648
ultratall_10000,check_if_ancestor_false,baseline,28.674
ultratall_10000,check_if_ancestor_false,dewey,1.475
ultratall_10000,check_if_ancestor_false,prepost,1.362
ultrawide_10,all_descendants,baseline,3.636
ultrawide_10,all_descendants,dewey,1.921
ultrawide_10,all_descendants,prepost,2.661
ultrawide_10,all_children,baseline,2.354
ultrawide_10,all_children,dewey,2.205
ultrawide_10,all_children,prepost,4.115
ultrawide_10,all_leaves,baseline,17.165
ultrawide_10,all_leaves,dewey,12.754
ultrawide_10,all_leaves,prepost,7.59
ultrawide_10,count_descendants,baseline,12.563
ultrawide_10,count_descendants,dewey,9.805
ultrawide_10,count_descendants,prepost,1.293
ultrawide_10,count_leaves,baseline,18.115
ultrawide_10,count_leaves,dewey,16.646
ultrawide_10,count_leaves,prepost,12.103
ultrawide_10,check_same_subtree_true,baseline,22.67
ultrawide_10,check_same_subtree_true,dewey,13.987
ultrawide_10,check_same_subtree_true,prepost,7.905
ultrawide_10,all_ancestors,baseline,11.419
ultrawide_10,all_ancestors,dewey,6.144
ultrawide_10,all_ancestors,prepost,6.145
ultrawide_10,check_if_ancestor_true,baseline,55.698
ultrawide_10,check_if_ancestor_true,dewey,2.041
ultrawide_10,check_if_ancestor_true,prepost,1.961
ultrawide_10,check_same_subtree_false,baseline,20.534
ultrawide_10,check_same_subtree_false,dewey,16.74
ultrawide_10,check_same_subtree_false,prepost,7.873
ultrawide_10,check_if_ancestor_false,baseline,51.173
ultrawide_10,check_if_ancestor_false,dewey,2.145
ultrawide_10,check_if_ancestor_false,prepost,1.914
s3,all_descendants,baseline,6.291
s3,all_descendants,dewey,3.096
s3,all_descendants,prepost,1.988
s3,all_children,baseline,7.152
s3,all_children,dewey,6.64
s3,all_children,prepost,6.006
s3,all_leaves,baseline,16.079
s3,all_leaves,dewey,13.054
s3,all_leaves,prepost,7.375
s3,count_descendants,baseline,10.983
s3,count_descendants,dewey,11.366
s3,count_descendants,prepost,1.369
s3,count_leaves,baseline,17.888
s3,count_leaves,dewey,15.486
s3,count_leaves,prepost,13.992
s3,check_same_subtree_true,baseline,21.899
s3,check_same_subtree_true,dewey,13.836
s3,check_same_subtree_true,prepost,7.791
s3,all_ancestors,baseline,12.836
s3,all_ancestors,dewey,6.438
s3,all_ancestors,prepost,7.321
s3,check_if_ancestor_true,baseline,27.469
s3,check_if_ancestor_true,dewey,1.451
s3,check_if_ancestor_true,prepost,1.356
s3,check_same_subtree_false,baseline,9.92
s3,check_same_subtree_false,dewey,5.391
s3,check_same_subtree_false,prepost,2.841
s3,check_if_ancestor_false,baseline,28.702
s3,check_if_ancestor_false,dewey,1.858
s3,check_if_ancestor_false,prepost,1.338
artificial_forest_40,all_descendants,baseline,6.334
artificial_forest_40,all_descendants,dewey,4.477
artificial_forest_40,all_descendants,prepost,5.082
artificial_forest_40,all_children,baseline,3.22
artificial_forest_40,all_children,dewey,2.563
artificial_forest_40,all_children,prepost,3.28
artificial_forest_40,all_leaves,baseline,11.273
artificial_forest_40,all_leaves,dewey,7.098
artificial_forest_40,all_leaves,prepost,4.362
artificial_forest_40,count_descendants,baseline,8.502
artificial_forest_40,count_descendants,dewey,4.785
artificial_forest_40,count_descendants,prepost,0.962
artificial_forest_40,count_leaves,baseline,15.407
artificial_forest_40,count_leaves,dewey,9.059
artificial_forest_40,count_leaves,prepost,5.782
artificial_forest_40,check_same_subtree_true,baseline,21.553
artificial_forest_40,check_same_subtree_true,dewey,11.653
artificial_forest_40,check_same_subtree_true,prepost,8.085
artificial_forest_40,all_ancestors,baseline,11.791
artificial_forest_40,all_ancestors,dewey,6.727
artificial_forest_40,all_ancestors,prepost,6.163
artificial_forest_40,check_if_ancestor_true,baseline,52.587
artificial_forest_40,check_if_ancestor_true,dewey,2.093
artificial_forest_40,check_if_ancestor_true,prepost,1.802
artificial_forest_40,check_same_subtree_false,baseline,20.98
artificial_forest_40,check_same_subtree_false,dewey,14.062
artificial_forest_40,check_same_subtree_false,prepost,8.291
artificial_forest_40,check_if_ancestor_false,baseline,54.602
artificial_forest_40,check_if_ancestor_false,dewey,2.029
artificial_forest_40,check_if_ancestor_false,prepost,1.777
s2,all_descendants,baseline,16.641
s2,all_descendants,dewey,4.663
s2,all_descendants,prepost,4.507
s2,all_children,baseline,6.941
s2,all_children,dewey,5.926
s2,all_children,prepost,5.505
s2,all_leaves,baseline,23.287
s2,all_leaves,dewey,9.365
s2,all_leaves,prepost,6.144
s2,count_descendants,baseline,15.254
s2,count_descendants,dewey,4.802
s2,count_descendants,prepost,1.125
s2,count_leaves,baseline,19.654
s2,count_leaves,dewey,10.193
s2,count_leaves,prepost,11.821
s2,check_same_subtree_true,baseline,20.943
s2,check_same_subtree_true,dewey,14.737
s2,check_same_subtree_true,prepost,9.089
s2,all_ancestors,baseline,16.719
s2,all_ancestors,dewey,7.224
s2,all_ancestors,prepost,7.373
s2,check_if_ancestor_true,baseline,52.381
s2,check_if_ancestor_true,dewey,2.073
s2,check_if_ancestor_true,prepost,1.7
s2,check_same_subtree_false,baseline,21.824
s2,check_same_subtree_false,dewey,13.481
s2,check_same_subtree_false,prepost,8.562
s2,check_if_ancestor_false,baseline,55.749
s2,check_if_ancestor_false,dewey,2.327
s2,check_if_ancestor_false,prepost,2.026
ultratall_1000,all_descendants,baseline,23.714
ultratall_1000,all_descendants,dewey,6.009
ultratall_1000,all_descendants,prepost,5.69
ultratall_1000,all_children,baseline,7.791
ultratall_1000,all_children,dewey,5.771
ultratall_1000,all_children,prepost,6.424
ultratall_1000,all_leaves,baseline,29.224
ultratall_1000,all_leaves,dewey,11.888
ultratall_1000,all_leaves,prepost,6.747
ultratall_1000,count_descendants,baseline,21.738
ultratall_1000,count_descendants,dewey,12.162
ultratall_1000,count_descendants,prepost,1.245
ultratall_1000,count_leaves,baseline,26.891
ultratall_1000,count_leaves,dewey,17.027
ultratall_1000,count_leaves,prepost,11.698
ultratall_1000,check_same_subtree_true,baseline,23.572
ultratall_1000,check_same_subtree_true,dewey,12.188
ultratall_1000,check_same_subtree_true,prepost,8.721
ultratall_1000,all_ancestors,baseline,19.586
ultratall_1000,all_ancestors,dewey,7.464
ultratall_1000,all_ancestors,prepost,6.478
ultratall_1000,check_if_ancestor_true,baseline,59.757
ultratall_1000,check_if_ancestor_true,dewey,2.265
ultratall_1000,check_if_ancestor_true,prepost,1.765
ultratall_1000,check_same_subtree_false,baseline,23.316
ultratall_1000,check_same_subtree_false,dewey,13.206
ultratall_1000,check_same_subtree_false,prepost,8.282
ultratall_1000,check_if_ancestor_false,baseline,58.56
ultratall_1000,check_if_ancestor_false,dewey,2.268
ultratall_1000,check_if_ancestor_false,prepost,1.746
truebase_1000,all_descendants,baseline,22.849
truebase_1000,all_descendants,dewey,5.219
truebase_1000,all_descendants,prepost,5.279
truebase_1000,all_children,baseline,7.008
truebase_1000,all_children,dewey,6.355
truebase_1000,all_children,prepost,7.402
truebase_1000,all_leaves,baseline,26.777
truebase_1000,all_leaves,dewey,9.542
truebase_1000,all_leaves,prepost,7.965
truebase_1000,count_descendants,baseline,16.819
truebase_1000,count_descendants,dewey,7.908
truebase_1000,count_descendants,prepost,1.348
truebase_1000,count_leaves,baseline,23.876
truebase_1000,count_leaves,dewey,15.988
truebase_1000,count_leaves,prepost,12.662
truebase_1000,check_same_subtree_true,baseline,22.279
truebase_1000,check_same_subtree_true,dewey,14.164
truebase_1000,check_same_subtree_true,prepost,7.919
truebase_1000,all_ancestors,baseline,10.373
truebase_1000,all_ancestors,dewey,3.687
truebase_1000,all_ancestors,prepost,3.127
truebase_1000,check_if_ancestor_true,baseline,34.635
truebase_1000,check_if_ancestor_true,dewey,1.641
truebase_1000,check_if_ancestor_true,prepost,1.418
truebase_1000,check_same_subtree_false,baseline,9.947
truebase_1000,check_same_subtree_false,dewey,7.664
truebase_1000,check_same_subtree_false,prepost,3.715
truebase_1000,check_if_ancestor_false,baseline,30.724
truebase_1000,check_if_ancestor_false,dewey,1.834
truebase_1000,check_if_ancestor_false,prepost,1.651
truebase_100000,all_descendants,baseline,311.804
truebase_100000,all_descendants,dewey,42.152
truebase_100000,all_descendants,prepost,36.273
truebase_100000,all_children,baseline,6.958
truebase_100000,all_children,dewey,22.036
truebase_100000,all_children,prepost,10.266
truebase_100000,all_leaves,baseline,303.611
truebase_100000,all_leaves,dewey,95.513
truebase_100000,all_leaves,prepost,33.866
truebase_100000,count_descendants,baseline,259.186
truebase_100000,count_descendants,dewey,31.365
truebase_100000,count_descendants,prepost,1.296
truebase_100000,count_leaves,baseline,260.608
truebase_100000,count_leaves,dewey,90.192
truebase_100000,count_leaves,prepost,14.78
truebase_100000,check_same_subtree_true,baseline,16.305
truebase_100000,check_same_subtree_true,dewey,15.278
truebase_100000,check_same_subtree_true,prepost,39.022
truebase_100000,all_ancestors,baseline,15.192
truebase_100000,all_ancestors,dewey,30.266
truebase_100000,all_ancestors,prepost,15.609
truebase_100000,check_if_ancestor_true,baseline,56.361
truebase_100000,check_if_ancestor_true,dewey,2.088
truebase_100000,check_if_ancestor_true,prepost,1.621
truebase_100000,check_same_subtree_false,baseline,24.39
truebase_100000,check_same_subtree_false,dewey,17.878
truebase_100000,check_same_subtree_false,prepost,31.925
truebase_100000,check_if_ancestor_false,baseline,56.025
truebase_100000,check_if_ancestor_false,dewey,2.278
truebase_100000,check_if_ancestor_false,prepost,1.717
ultratall_10,all_descendants,baseline,4.114
ultratall_10,all_descendants,dewey,2.334
ultratall_10,all_descendants,prepost,3.545
ultratall_10,all_children,baseline,2.642
ultratall_10,all_children,dewey,3.116
ultratall_10,all_children,prepost,2.326
ultratall_10,all_leaves,baseline,16.089
ultratall_10,all_leaves,dewey,10.505
ultratall_10,all_leaves,prepost,7.791
ultratall_10,count_descendants,baseline,11.595
ultratall_10,count_descendants,dewey,10.932
ultratall_10,count_descendants,prepost,1.323
ultratall_10,count_leaves,baseline,17.207
ultratall_10,count_leaves,dewey,17.74
ultratall_10,count_leaves,prepost,14.582
ultratall_10,check_same_subtree_true,baseline,21.4
ultratall_10,check_same_subtree_true,dewey,13.272
ultratall_10,check_same_subtree_true,prepost,7.213
ultratall_10,all_ancestors,baseline,12.892
ultratall_10,all_ancestors,dewey,6.322
ultratall_10,all_ancestors,prepost,6.572
ultratall_10,check_if_ancestor_true,baseline,52.402
ultratall_10,check_if_ancestor_true,dewey,2.31
ultratall_10,check_if_ancestor_true,prepost,1.875
ultratall_10,check_same_subtree_false,baseline,23.475
ultratall_10,check_same_subtree_false,dewey,15.452
ultratall_10,check_same_subtree_false,prepost,8.305
ultratall_10,check_if_ancestor_false,baseline,51.683
ultratall_10,check_if_ancestor_false,dewey,2.151
ultratall_10,check_if_ancestor_false,prepost,1.636
artificial_forest_1000,all_descendants,baseline,18.245
artificial_forest_1000,all_descendants,dewey,6.191
artificial_forest_1000,all_descendants,prepost,7.335
artificial_forest_1000,all_children,baseline,6.818
artificial_forest_1000,all_children,dewey,6.829
artificial_forest_1000,all_children,prepost,6.782
artificial_forest_1000,all_leaves,baseline,23.47
artificial_forest_1000,all_leaves,dewey,11.647
artificial_forest_1000,all_leaves,prepost,7.396
artificial_forest_1000,count_descendants,baseline,14.211
artificial_forest_1000,count_descendants,dewey,10.274
artificial_forest_1000,count_descendants,prepost,1.379
artificial_forest_1000,count_leaves,baseline,20.024
artificial_forest_1000,count_leaves,dewey,15.041
artificial_forest_1000,count_leaves,prepost,13.116
artificial_forest_1000,check_same_subtree_true,baseline,22.628
artificial_forest_1000,check_same_subtree_true,dewey,13.617
artificial_forest_1000,check_same_subtree_true,prepost,7.327
artificial_forest_1000,all_ancestors,baseline,17.09
artificial_forest_1000,all_ancestors,dewey,7.21
artificial_forest_1000,all_ancestors,prepost,7.263
artificial_forest_1000,check_if_ancestor_true,baseline,57.358
artificial_forest_1000,check_if_ancestor_true,dewey,2.479
artificial_forest_1000,check_if_ancestor_true,prepost,1.876
artificial_forest_1000,check_same_subtree_false,baseline,20.36
artificial_forest_1000,check_same_subtree_false,dewey,11.633
artificial_forest_1000,check_same_subtree_false,prepost,8.05
artificial_forest_1000,check_if_ancestor_false,baseline,28.893
artificial_forest_1000,check_if_ancestor_false,dewey,1.635
artificial_forest_1000,check_if_ancestor_false,prepost,1.628
ultrawide_10000,all_descendants,baseline,34.916
ultrawide_10000,all_descendants,dewey,9.455
ultrawide_10000,all_descendants,prepost,8.652
ultrawide_10000,all_children,baseline,6.37
ultrawide_10000,all_children,dewey,7.36
ultrawide_10000,all_children,prepost,8.882
ultrawide_10000,all_leaves,baseline,37.322
ultrawide_10000,all_leaves,dewey,23.791
ultrawide_10000,all_leaves,prepost,12.448
ultrawide_10000,count_descendants,baseline,17.884
ultrawide_10000,count_descendants,dewey,6.524
ultrawide_10000,count_descendants,prepost,0.939
ultrawide_10000,count_leaves,baseline,24.653
ultrawide_10000,count_leaves,dewey,18.602
ultrawide_10000,count_leaves,prepost,6.66
ultrawide_10000,check_same_subtree_true,baseline,15.295
ultrawide_10000,check_same_subtree_true,dewey,9.435
ultrawide_10000,check_same_subtree_true,prepost,10.874
ultrawide_10000,all_ancestors,baseline,11.446
ultrawide_10000,all_ancestors,dewey,8.148
ultrawide_10000,all_ancestors,prepost,5.2
ultrawide_10000,check_if_ancestor_true,baseline,55.804
ultrawide_10000,check_if_ancestor_true,dewey,2.286
ultrawide_10000,check_if_ancestor_true,prepost,1.721
ultrawide_10000,check_same_subtree_false,baseline,23.02
ultrawide_10000,check_same_subtree_false,dewey,12.551
ultrawide_10000,check_same_subtree_false,prepost,12.367
ultrawide_10000,check_if_ancestor_false,baseline,54.506
ultrawide_10000,check_if_ancestor_false,dewey,2.444
ultrawide_10000,check_if_ancestor_false,prepost,1.785
