id,type,string_id,height,depth
1,TreeNode,1,22,0
2,TreeNode,1.1,21,1
5,TreeNode,1.1.1,20,2
6,TreeNode,1.1.1.1,15,3
13,TreeNode,1.1.1.1.1,2,4
191,TreeNode,1.1.1.1.1.1,1,5
695,TreeNode,1.1.1.1.1.1.1,0,6
696,TreeNode,1.1.1.1.1.1.2,0,6
14,TreeNode,1.1.1.1.2,14,4
24,TreeNode,1.1.1.1.2.1,13,5
34,TreeNode,1.1.1.1.2.1.1,11,6
37,TreeNode,1.1.1.1.2.1.1.1,10,7
64,TreeNode,1.1.1.1.2.1.1.1.1,1,8
383,TreeNode,1.1.1.1.2.1.1.1.1.1,0,9
384,TreeNode,1.1.1.1.2.1.1.1.1.2,0,9
65,TreeNode,1.1.1.1.2.1.1.1.2,7,8
89,TreeNode,1.1.1.1.2.1.1.1.2.1,0,9
90,TreeNode,1.1.1.1.2.1.1.1.2.2,6,9
197,TreeNode,1.1.1.1.2.1.1.1.2.2.1,0,10
198,TreeNode,1.1.1.1.2.1.1.1.2.2.2,5,10
366,TreeNode,1.1.1.1.2.1.1.1.2.2.2.1,2,11
579,TreeNode,1.1.1.1.2.1.1.1.2.2.2.1.1,1,12
629,TreeNode,1.1.1.1.2.1.1.1.2.2.2.1.1.1,0,13
580,TreeNode,1.1.1.1.2.1.1.1.2.2.2.1.2,0,12
367,TreeNode,1.1.1.1.2.1.1.1.2.2.2.2,4,11
488,TreeNode,1.1.1.1.2.1.1.1.2.2.2.2.1,2,12
866,TreeNode,1.1.1.1.2.1.1.1.2.2.2.2.1.1,1,13
953,TreeNode,1.1.1.1.2.1.1.1.2.2.2.2.1.1.1,0,14
867,TreeNode,1.1.1.1.2.1.1.1.2.2.2.2.1.2,0,13
868,TreeNode,1.1.1.1.2.1.1.1.2.2.2.2.1.3,0,13
489,TreeNode,1.1.1.1.2.1.1.1.2.2.2.2.2,3,12
513,TreeNode,1.1.1.1.2.1.1.1.2.2.2.2.2.1,2,13
556,TreeNode,1.1.1.1.2.1.1.1.2.2.2.2.2.1.1,1,14
631,TreeNode,1.1.1.1.2.1.1.1.2.2.2.2.2.1.1.1,0,15
557,TreeNode,1.1.1.1.2.1.1.1.2.2.2.2.2.1.2,1,14
652,TreeNode,1.1.1.1.2.1.1.1.2.2.2.2.2.1.2.1,0,15
558,TreeNode,1.1.1.1.2.1.1.1.2.2.2.2.2.1.3,1,14
897,TreeNode,1.1.1.1.2.1.1.1.2.2.2.2.2.1.3.1,0,15
898,TreeNode,1.1.1.1.2.1.1.1.2.2.2.2.2.1.3.2,0,15
899,TreeNode,1.1.1.1.2.1.1.1.2.2.2.2.2.1.3.3,0,15
514,TreeNode,1.1.1.1.2.1.1.1.2.2.2.2.2.2,0,13
490,TreeNode,1.1.1.1.2.1.1.1.2.2.2.2.3,1,12
686,TreeNode,1.1.1.1.2.1.1.1.2.2.2.2.3.1,0,13
368,TreeNode,1.1.1.1.2.1.1.1.2.2.2.3,3,11
886,TreeNode,1.1.1.1.2.1.1.1.2.2.2.3.1,0,12
887,TreeNode,1.1.1.1.2.1.1.1.2.2.2.3.2,2,12
923,TreeNode,1.1.1.1.2.1.1.1.2.2.2.3.2.1,0,13
924,TreeNode,1.1.1.1.2.1.1.1.2.2.2.3.2.2,0,13
925,TreeNode,1.1.1.1.2.1.1.1.2.2.2.3.2.3,1,13
935,TreeNode,1.1.1.1.2.1.1.1.2.2.2.3.2.3.1,0,14
936,TreeNode,1.1.1.1.2.1.1.1.2.2.2.3.2.3.2,0,14
888,TreeNode,1.1.1.1.2.1.1.1.2.2.2.3.3,0,12
199,TreeNode,1.1.1.1.2.1.1.1.2.2.3,0,10
66,TreeNode,1.1.1.1.2.1.1.1.3,9,8
135,TreeNode,1.1.1.1.2.1.1.1.3.1,8,9
162,TreeNode,1.1.1.1.2.1.1.1.3.1.1,7,10
169,TreeNode,1.1.1.1.2.1.1.1.3.1.1.1,6,11
280,TreeNode,1.1.1.1.2.1.1.1.3.1.1.1.1,5,12
401,TreeNode,1.1.1.1.2.1.1.1.3.1.1.1.1.1,4,13
409,TreeNode,1.1.1.1.2.1.1.1.3.1.1.1.1.1.1,3,14
581,TreeNode,1.1.1.1.2.1.1.1.3.1.1.1.1.1.1.1,2,15
691,TreeNode,1.1.1.1.2.1.1.1.3.1.1.1.1.1.1.1.1,1,16
966,TreeNode,1.1.1.1.2.1.1.1.3.1.1.1.1.1.1.1.1.1,0,17
967,TreeNode,1.1.1.1.2.1.1.1.3.1.1.1.1.1.1.1.1.2,0,17
692,TreeNode,1.1.1.1.2.1.1.1.3.1.1.1.1.1.1.1.2,0,16
582,TreeNode,1.1.1.1.2.1.1.1.3.1.1.1.1.1.1.2,0,15
410,TreeNode,1.1.1.1.2.1.1.1.3.1.1.1.1.1.2,0,14
411,TreeNode,1.1.1.1.2.1.1.1.3.1.1.1.1.1.3,0,14
402,TreeNode,1.1.1.1.2.1.1.1.3.1.1.1.1.2,0,13
170,TreeNode,1.1.1.1.2.1.1.1.3.1.1.2,1,11
175,TreeNode,1.1.1.1.2.1.1.1.3.1.1.2.1,0,12
136,TreeNode,1.1.1.1.2.1.1.1.3.2,2,9
323,TreeNode,1.1.1.1.2.1.1.1.3.2.1,0,10
324,TreeNode,1.1.1.1.2.1.1.1.3.2.2,1,10
363,TreeNode,1.1.1.1.2.1.1.1.3.2.2.1,0,11
137,TreeNode,1.1.1.1.2.1.1.1.3.3,5,9
182,TreeNode,1.1.1.1.2.1.1.1.3.3.1,3,10
185,TreeNode,1.1.1.1.2.1.1.1.3.3.1.1,0,11
186,TreeNode,1.1.1.1.2.1.1.1.3.3.1.2,0,11
187,TreeNode,1.1.1.1.2.1.1.1.3.3.1.3,2,11
697,TreeNode,1.1.1.1.2.1.1.1.3.3.1.3.1,0,12
698,TreeNode,1.1.1.1.2.1.1.1.3.3.1.3.2,0,12
699,TreeNode,1.1.1.1.2.1.1.1.3.3.1.3.3,1,12
957,TreeNode,1.1.1.1.2.1.1.1.3.3.1.3.3.1,0,13
958,TreeNode,1.1.1.1.2.1.1.1.3.3.1.3.3.2,0,13
183,TreeNode,1.1.1.1.2.1.1.1.3.3.2,4,10
285,TreeNode,1.1.1.1.2.1.1.1.3.3.2.1,3,11
356,TreeNode,1.1.1.1.2.1.1.1.3.3.2.1.1,2,12
497,TreeNode,1.1.1.1.2.1.1.1.3.3.2.1.1.1,1,13
776,TreeNode,1.1.1.1.2.1.1.1.3.3.2.1.1.1.1,0,14
498,TreeNode,1.1.1.1.2.1.1.1.3.3.2.1.1.2,1,13
735,TreeNode,1.1.1.1.2.1.1.1.3.3.2.1.1.2.1,0,14
286,TreeNode,1.1.1.1.2.1.1.1.3.3.2.2,1,11
835,TreeNode,1.1.1.1.2.1.1.1.3.3.2.2.1,0,12
35,TreeNode,1.1.1.1.2.1.2,6,6
277,TreeNode,1.1.1.1.2.1.2.1,5,7
320,TreeNode,1.1.1.1.2.1.2.1.1,2,8
543,TreeNode,1.1.1.1.2.1.2.1.1.1,1,9
614,TreeNode,1.1.1.1.2.1.2.1.1.1.1,0,10
615,TreeNode,1.1.1.1.2.1.2.1.1.1.2,0,10
544,TreeNode,1.1.1.1.2.1.2.1.1.2,0,9
321,TreeNode,1.1.1.1.2.1.2.1.2,4,8
417,TreeNode,1.1.1.1.2.1.2.1.2.1,0,9
418,TreeNode,1.1.1.1.2.1.2.1.2.2,3,9
608,TreeNode,1.1.1.1.2.1.2.1.2.2.1,0,10
609,TreeNode,1.1.1.1.2.1.2.1.2.2.2,2,10
765,TreeNode,1.1.1.1.2.1.2.1.2.2.2.1,1,11
856,TreeNode,1.1.1.1.2.1.2.1.2.2.2.1.1,0,12
857,TreeNode,1.1.1.1.2.1.2.1.2.2.2.1.2,0,12
858,TreeNode,1.1.1.1.2.1.2.1.2.2.2.1.3,0,12
766,TreeNode,1.1.1.1.2.1.2.1.2.2.2.2,0,11
767,TreeNode,1.1.1.1.2.1.2.1.2.2.2.3,0,11
322,TreeNode,1.1.1.1.2.1.2.1.3,1,8
353,TreeNode,1.1.1.1.2.1.2.1.3.1,0,9
36,TreeNode,1.1.1.1.2.1.3,12,6
38,TreeNode,1.1.1.1.2.1.3.1,3,7
406,TreeNode,1.1.1.1.2.1.3.1.1,1,8
787,TreeNode,1.1.1.1.2.1.3.1.1.1,0,9
788,TreeNode,1.1.1.1.2.1.3.1.1.2,0,9
407,TreeNode,1.1.1.1.2.1.3.1.2,0,8
408,TreeNode,1.1.1.1.2.1.3.1.3,2,8
748,TreeNode,1.1.1.1.2.1.3.1.3.1,1,9
992,TreeNode,1.1.1.1.2.1.3.1.3.1.1,0,10
993,TreeNode,1.1.1.1.2.1.3.1.3.1.2,0,10
994,TreeNode,1.1.1.1.2.1.3.1.3.1.3,0,10
749,TreeNode,1.1.1.1.2.1.3.1.3.2,1,9
796,TreeNode,1.1.1.1.2.1.3.1.3.2.1,0,10
797,TreeNode,1.1.1.1.2.1.3.1.3.2.2,0,10
750,TreeNode,1.1.1.1.2.1.3.1.3.3,1,9
974,TreeNode,1.1.1.1.2.1.3.1.3.3.1,0,10
39,TreeNode,1.1.1.1.2.1.3.2,11,7
61,TreeNode,1.1.1.1.2.1.3.2.1,7,8
130,TreeNode,1.1.1.1.2.1.3.2.1.1,6,9
163,TreeNode,1.1.1.1.2.1.3.2.1.1.1,3,10
278,TreeNode,1.1.1.1.2.1.3.2.1.1.1.1,2,11
521,TreeNode,1.1.1.1.2.1.3.2.1.1.1.1.1,1,12
764,TreeNode,1.1.1.1.2.1.3.2.1.1.1.1.1.1,0,13
522,TreeNode,1.1.1.1.2.1.3.2.1.1.1.1.2,1,12
928,TreeNode,1.1.1.1.2.1.3.2.1.1.1.1.2.1,0,13
929,TreeNode,1.1.1.1.2.1.3.2.1.1.1.1.2.2,0,13
930,TreeNode,1.1.1.1.2.1.3.2.1.1.1.1.2.3,0,13
164,TreeNode,1.1.1.1.2.1.3.2.1.1.2,5,10
233,TreeNode,1.1.1.1.2.1.3.2.1.1.2.1,4,11
379,TreeNode,1.1.1.1.2.1.3.2.1.1.2.1.1,3,12
421,TreeNode,1.1.1.1.2.1.3.2.1.1.2.1.1.1,1,13
963,TreeNode,1.1.1.1.2.1.3.2.1.1.2.1.1.1.1,0,14
964,TreeNode,1.1.1.1.2.1.3.2.1.1.2.1.1.1.2,0,14
965,TreeNode,1.1.1.1.2.1.3.2.1.1.2.1.1.1.3,0,14
422,TreeNode,1.1.1.1.2.1.3.2.1.1.2.1.1.2,0,13
423,TreeNode,1.1.1.1.2.1.3.2.1.1.2.1.1.3,2,13
526,TreeNode,1.1.1.1.2.1.3.2.1.1.2.1.1.3.1,1,14
688,TreeNode,1.1.1.1.2.1.3.2.1.1.2.1.1.3.1.1,0,15
527,TreeNode,1.1.1.1.2.1.3.2.1.1.2.1.1.3.2,1,14
657,TreeNode,1.1.1.1.2.1.3.2.1.1.2.1.1.3.2.1,0,15
658,TreeNode,1.1.1.1.2.1.3.2.1.1.2.1.1.3.2.2,0,15
528,TreeNode,1.1.1.1.2.1.3.2.1.1.2.1.1.3.3,0,14
234,TreeNode,1.1.1.1.2.1.3.2.1.1.2.2,4,11
269,TreeNode,1.1.1.1.2.1.3.2.1.1.2.2.1,3,12
595,TreeNode,1.1.1.1.2.1.3.2.1.1.2.2.1.1,2,13
659,TreeNode,1.1.1.1.2.1.3.2.1.1.2.2.1.1.1,0,14
660,TreeNode,1.1.1.1.2.1.3.2.1.1.2.2.1.1.2,1,14
763,TreeNode,1.1.1.1.2.1.3.2.1.1.2.2.1.1.2.1,0,15
661,TreeNode,1.1.1.1.2.1.3.2.1.1.2.2.1.1.3,0,14
165,TreeNode,1.1.1.1.2.1.3.2.1.1.3,5,10
287,TreeNode,1.1.1.1.2.1.3.2.1.1.3.1,3,11
372,TreeNode,1.1.1.1.2.1.3.2.1.1.3.1.1,1,12
734,TreeNode,1.1.1.1.2.1.3.2.1.1.3.1.1.1,0,13
373,TreeNode,1.1.1.1.2.1.3.2.1.1.3.1.2,1,12
798,TreeNode,1.1.1.1.2.1.3.2.1.1.3.1.2.1,0,13
799,TreeNode,1.1.1.1.2.1.3.2.1.1.3.1.2.2,0,13
374,TreeNode,1.1.1.1.2.1.3.2.1.1.3.1.3,2,12
540,TreeNode,1.1.1.1.2.1.3.2.1.1.3.1.3.1,1,13
891,TreeNode,1.1.1.1.2.1.3.2.1.1.3.1.3.1.1,0,14
892,TreeNode,1.1.1.1.2.1.3.2.1.1.3.1.3.1.2,0,14
893,TreeNode,1.1.1.1.2.1.3.2.1.1.3.1.3.1.3,0,14
541,TreeNode,1.1.1.1.2.1.3.2.1.1.3.1.3.2,0,13
542,TreeNode,1.1.1.1.2.1.3.2.1.1.3.1.3.3,1,13
545,TreeNode,1.1.1.1.2.1.3.2.1.1.3.1.3.3.1,0,14
546,TreeNode,1.1.1.1.2.1.3.2.1.1.3.1.3.3.2,0,14
547,TreeNode,1.1.1.1.2.1.3.2.1.1.3.1.3.3.3,0,14
288,TreeNode,1.1.1.1.2.1.3.2.1.1.3.2,4,11
426,TreeNode,1.1.1.1.2.1.3.2.1.1.3.2.1,0,12
427,TreeNode,1.1.1.1.2.1.3.2.1.1.3.2.2,3,12
466,TreeNode,1.1.1.1.2.1.3.2.1.1.3.2.2.1,2,13
674,TreeNode,1.1.1.1.2.1.3.2.1.1.3.2.2.1.1,1,14
869,TreeNode,1.1.1.1.2.1.3.2.1.1.3.2.2.1.1.1,0,15
870,TreeNode,1.1.1.1.2.1.3.2.1.1.3.2.2.1.1.2,0,15
871,TreeNode,1.1.1.1.2.1.3.2.1.1.3.2.2.1.1.3,0,15
675,TreeNode,1.1.1.1.2.1.3.2.1.1.3.2.2.1.2,1,14
836,TreeNode,1.1.1.1.2.1.3.2.1.1.3.2.2.1.2.1,0,15
837,TreeNode,1.1.1.1.2.1.3.2.1.1.3.2.2.1.2.2,0,15
838,TreeNode,1.1.1.1.2.1.3.2.1.1.3.2.2.1.2.3,0,15
676,TreeNode,1.1.1.1.2.1.3.2.1.1.3.2.2.1.3,0,14
467,TreeNode,1.1.1.1.2.1.3.2.1.1.3.2.2.2,1,13
592,TreeNode,1.1.1.1.2.1.3.2.1.1.3.2.2.2.1,0,14
468,TreeNode,1.1.1.1.2.1.3.2.1.1.3.2.2.3,1,13
491,TreeNode,1.1.1.1.2.1.3.2.1.1.3.2.2.3.1,0,14
62,TreeNode,1.1.1.1.2.1.3.2.2,2,8
158,TreeNode,1.1.1.1.2.1.3.2.2.1,1,9
584,TreeNode,1.1.1.1.2.1.3.2.2.1.1,0,10
585,TreeNode,1.1.1.1.2.1.3.2.2.1.2,0,10
63,TreeNode,1.1.1.1.2.1.3.2.3,10,8
79,TreeNode,1.1.1.1.2.1.3.2.3.1,9,9
82,TreeNode,1.1.1.1.2.1.3.2.3.1.1,8,10
98,TreeNode,1.1.1.1.2.1.3.2.3.1.1.1,0,11
99,TreeNode,1.1.1.1.2.1.3.2.3.1.1.2,7,11
145,TreeNode,1.1.1.1.2.1.3.2.3.1.1.2.1,1,12
281,TreeNode,1.1.1.1.2.1.3.2.3.1.1.2.1.1,0,13
146,TreeNode,1.1.1.1.2.1.3.2.3.1.1.2.2,0,12
147,TreeNode,1.1.1.1.2.1.3.2.3.1.1.2.3,6,12
176,TreeNode,1.1.1.1.2.1.3.2.3.1.1.2.3.1,5,13
210,TreeNode,1.1.1.1.2.1.3.2.3.1.1.2.3.1.1,0,14
211,TreeNode,1.1.1.1.2.1.3.2.3.1.1.2.3.1.2,4,14
229,TreeNode,1.1.1.1.2.1.3.2.3.1.1.2.3.1.2.1,0,15
230,TreeNode,1.1.1.1.2.1.3.2.3.1.1.2.3.1.2.2,3,15
357,TreeNode,1.1.1.1.2.1.3.2.3.1.1.2.3.1.2.2.1,0,16
358,TreeNode,1.1.1.1.2.1.3.2.3.1.1.2.3.1.2.2.2,0,16
359,TreeNode,1.1.1.1.2.1.3.2.3.1.1.2.3.1.2.2.3,2,16
754,TreeNode,1.1.1.1.2.1.3.2.3.1.1.2.3.1.2.2.3.1,0,17
755,TreeNode,1.1.1.1.2.1.3.2.3.1.1.2.3.1.2.2.3.2,1,17
917,TreeNode,1.1.1.1.2.1.3.2.3.1.1.2.3.1.2.2.3.2.1,0,18
918,TreeNode,1.1.1.1.2.1.3.2.3.1.1.2.3.1.2.2.3.2.2,0,18
919,TreeNode,1.1.1.1.2.1.3.2.3.1.1.2.3.1.2.2.3.2.3,0,18
231,TreeNode,1.1.1.1.2.1.3.2.3.1.1.2.3.1.2.3,2,15
244,TreeNode,1.1.1.1.2.1.3.2.3.1.1.2.3.1.2.3.1,1,16
298,TreeNode,1.1.1.1.2.1.3.2.3.1.1.2.3.1.2.3.1.1,0,17
212,TreeNode,1.1.1.1.2.1.3.2.3.1.1.2.3.1.3,4,14
226,TreeNode,1.1.1.1.2.1.3.2.3.1.1.2.3.1.3.1,1,15
746,TreeNode,1.1.1.1.2.1.3.2.3.1.1.2.3.1.3.1.1,0,16
227,TreeNode,1.1.1.1.2.1.3.2.3.1.1.2.3.1.3.2,3,15
515,TreeNode,1.1.1.1.2.1.3.2.3.1.1.2.3.1.3.2.1,2,16
872,TreeNode,1.1.1.1.2.1.3.2.3.1.1.2.3.1.3.2.1.1,1,17
927,TreeNode,1.1.1.1.2.1.3.2.3.1.1.2.3.1.3.2.1.1.1,0,18
873,TreeNode,1.1.1.1.2.1.3.2.3.1.1.2.3.1.3.2.1.2,0,17
874,TreeNode,1.1.1.1.2.1.3.2.3.1.1.2.3.1.3.2.1.3,0,17
516,TreeNode,1.1.1.1.2.1.3.2.3.1.1.2.3.1.3.2.2,0,16
517,TreeNode,1.1.1.1.2.1.3.2.3.1.1.2.3.1.3.2.3,0,16
228,TreeNode,1.1.1.1.2.1.3.2.3.1.1.2.3.1.3.3,0,15
177,TreeNode,1.1.1.1.2.1.3.2.3.1.1.2.3.2,0,13
178,TreeNode,1.1.1.1.2.1.3.2.3.1.1.2.3.3,5,13
215,TreeNode,1.1.1.1.2.1.3.2.3.1.1.2.3.3.1,4,14
241,TreeNode,1.1.1.1.2.1.3.2.3.1.1.2.3.3.1.1,3,15
243,TreeNode,1.1.1.1.2.1.3.2.3.1.1.2.3.3.1.1.1,2,16
851,TreeNode,1.1.1.1.2.1.3.2.3.1.1.2.3.3.1.1.1.1,0,17
852,TreeNode,1.1.1.1.2.1.3.2.3.1.1.2.3.3.1.1.1.2,0,17
853,TreeNode,1.1.1.1.2.1.3.2.3.1.1.2.3.3.1.1.1.3,1,17
968,TreeNode,1.1.1.1.2.1.3.2.3.1.1.2.3.3.1.1.1.3.1,0,18
969,TreeNode,1.1.1.1.2.1.3.2.3.1.1.2.3.3.1.1.1.3.2,0,18
242,TreeNode,1.1.1.1.2.1.3.2.3.1.1.2.3.3.1.2,0,15
216,TreeNode,1.1.1.1.2.1.3.2.3.1.1.2.3.3.2,0,14
217,TreeNode,1.1.1.1.2.1.3.2.3.1.1.2.3.3.3,0,14
80,TreeNode,1.1.1.1.2.1.3.2.3.2,4,9
139,TreeNode,1.1.1.1.2.1.3.2.3.2.1,3,10
152,TreeNode,1.1.1.1.2.1.3.2.3.2.1.1,0,11
153,TreeNode,1.1.1.1.2.1.3.2.3.2.1.2,2,11
354,TreeNode,1.1.1.1.2.1.3.2.3.2.1.2.1,1,12
520,TreeNode,1.1.1.1.2.1.3.2.3.2.1.2.1.1,0,13
355,TreeNode,1.1.1.1.2.1.3.2.3.2.1.2.2,0,12
154,TreeNode,1.1.1.1.2.1.3.2.3.2.1.3,1,11
524,TreeNode,1.1.1.1.2.1.3.2.3.2.1.3.1,0,12
25,TreeNode,1.1.1.1.2.2,11,5
27,TreeNode,1.1.1.1.2.2.1,10,6
59,TreeNode,1.1.1.1.2.2.1.1,9,7
70,TreeNode,1.1.1.1.2.2.1.1.1,8,8
112,TreeNode,1.1.1.1.2.2.1.1.1.1,2,9
396,TreeNode,1.1.1.1.2.2.1.1.1.1.1,0,10
397,TreeNode,1.1.1.1.2.2.1.1.1.1.2,1,10
813,TreeNode,1.1.1.1.2.2.1.1.1.1.2.1,0,11
814,TreeNode,1.1.1.1.2.2.1.1.1.1.2.2,0,11
113,TreeNode,1.1.1.1.2.2.1.1.1.2,4,9
312,TreeNode,1.1.1.1.2.2.1.1.1.2.1,1,10
815,TreeNode,1.1.1.1.2.2.1.1.1.2.1.1,0,11
816,TreeNode,1.1.1.1.2.2.1.1.1.2.1.2,0,11
817,TreeNode,1.1.1.1.2.2.1.1.1.2.1.3,0,11
313,TreeNode,1.1.1.1.2.2.1.1.1.2.2,0,10
314,TreeNode,1.1.1.1.2.2.1.1.1.2.3,3,10
325,TreeNode,1.1.1.1.2.2.1.1.1.2.3.1,2,11
603,TreeNode,1.1.1.1.2.2.1.1.1.2.3.1.1,1,12
759,TreeNode,1.1.1.1.2.2.1.1.1.2.3.1.1.1,0,13
760,TreeNode,1.1.1.1.2.2.1.1.1.2.3.1.1.2,0,13
761,TreeNode,1.1.1.1.2.2.1.1.1.2.3.1.1.3,0,13
326,TreeNode,1.1.1.1.2.2.1.1.1.2.3.2,0,11
114,TreeNode,1.1.1.1.2.2.1.1.1.3,7,9
117,TreeNode,1.1.1.1.2.2.1.1.1.3.1,1,10
255,TreeNode,1.1.1.1.2.2.1.1.1.3.1.1,0,11
256,TreeNode,1.1.1.1.2.2.1.1.1.3.1.2,0,11
118,TreeNode,1.1.1.1.2.2.1.1.1.3.2,6,10
127,TreeNode,1.1.1.1.2.2.1.1.1.3.2.1,5,11
428,TreeNode,1.1.1.1.2.2.1.1.1.3.2.1.1,3,12
437,TreeNode,1.1.1.1.2.2.1.1.1.3.2.1.1.1,2,13
537,TreeNode,1.1.1.1.2.2.1.1.1.3.2.1.1.1.1,1,14
847,TreeNode,1.1.1.1.2.2.1.1.1.3.2.1.1.1.1.1,0,15
538,TreeNode,1.1.1.1.2.2.1.1.1.3.2.1.1.1.2,0,14
438,TreeNode,1.1.1.1.2.2.1.1.1.3.2.1.1.2,1,13
523,TreeNode,1.1.1.1.2.2.1.1.1.3.2.1.1.2.1,0,14
429,TreeNode,1.1.1.1.2.2.1.1.1.3.2.1.2,0,12
430,TreeNode,1.1.1.1.2.2.1.1.1.3.2.1.3,4,12
601,TreeNode,1.1.1.1.2.2.1.1.1.3.2.1.3.1,0,13
602,TreeNode,1.1.1.1.2.2.1.1.1.3.2.1.3.2,3,13
662,TreeNode,1.1.1.1.2.2.1.1.1.3.2.1.3.2.1,0,14
663,TreeNode,1.1.1.1.2.2.1.1.1.3.2.1.3.2.2,0,14
664,TreeNode,1.1.1.1.2.2.1.1.1.3.2.1.3.2.3,2,14
771,TreeNode,1.1.1.1.2.2.1.1.1.3.2.1.3.2.3.1,1,15
975,TreeNode,1.1.1.1.2.2.1.1.1.3.2.1.3.2.3.1.1,0,16
976,TreeNode,1.1.1.1.2.2.1.1.1.3.2.1.3.2.3.1.2,0,16
772,TreeNode,1.1.1.1.2.2.1.1.1.3.2.1.3.2.3.2,0,15
128,TreeNode,1.1.1.1.2.2.1.1.1.3.2.2,4,11
200,TreeNode,1.1.1.1.2.2.1.1.1.3.2.2.1,3,12
649,TreeNode,1.1.1.1.2.2.1.1.1.3.2.2.1.1,1,13
997,TreeNode,1.1.1.1.2.2.1.1.1.3.2.2.1.1.1,0,14
998,TreeNode,1.1.1.1.2.2.1.1.1.3.2.2.1.1.2,0,14
650,TreeNode,1.1.1.1.2.2.1.1.1.3.2.2.1.2,1,13
653,TreeNode,1.1.1.1.2.2.1.1.1.3.2.2.1.2.1,0,14
651,TreeNode,1.1.1.1.2.2.1.1.1.3.2.2.1.3,2,13
703,TreeNode,1.1.1.1.2.2.1.1.1.3.2.2.1.3.1,1,14
944,TreeNode,1.1.1.1.2.2.1.1.1.3.2.2.1.3.1.1,0,15
945,TreeNode,1.1.1.1.2.2.1.1.1.3.2.2.1.3.1.2,0,15
129,TreeNode,1.1.1.1.2.2.1.1.1.3.2.3,1,11
207,TreeNode,1.1.1.1.2.2.1.1.1.3.2.3.1,0,12
71,TreeNode,1.1.1.1.2.2.1.1.2,1,8
605,TreeNode,1.1.1.1.2.2.1.1.2.1,0,9
606,TreeNode,1.1.1.1.2.2.1.1.2.2,0,9
72,TreeNode,1.1.1.1.2.2.1.1.3,6,8
75,TreeNode,1.1.1.1.2.2.1.1.3.1,2,9
83,TreeNode,1.1.1.1.2.2.1.1.3.1.1,0,10
84,TreeNode,1.1.1.1.2.2.1.1.3.1.2,1,10
140,TreeNode,1.1.1.1.2.2.1.1.3.1.2.1,0,11
76,TreeNode,1.1.1.1.2.2.1.1.3.2,5,9
100,TreeNode,1.1.1.1.2.2.1.1.3.2.1,4,10
194,TreeNode,1.1.1.1.2.2.1.1.3.2.1.1,3,11
431,TreeNode,1.1.1.1.2.2.1.1.3.2.1.1.1,2,12
616,TreeNode,1.1.1.1.2.2.1.1.3.2.1.1.1.1,0,13
617,TreeNode,1.1.1.1.2.2.1.1.3.2.1.1.1.2,0,13
618,TreeNode,1.1.1.1.2.2.1.1.3.2.1.1.1.3,1,13
716,TreeNode,1.1.1.1.2.2.1.1.3.2.1.1.1.3.1,0,14
717,TreeNode,1.1.1.1.2.2.1.1.3.2.1.1.1.3.2,0,14
718,TreeNode,1.1.1.1.2.2.1.1.3.2.1.1.1.3.3,0,14
432,TreeNode,1.1.1.1.2.2.1.1.3.2.1.1.2,0,12
433,TreeNode,1.1.1.1.2.2.1.1.3.2.1.1.3,2,12
533,TreeNode,1.1.1.1.2.2.1.1.3.2.1.1.3.1,1,13
600,TreeNode,1.1.1.1.2.2.1.1.3.2.1.1.3.1.1,0,14
534,TreeNode,1.1.1.1.2.2.1.1.3.2.1.1.3.2,0,13
535,TreeNode,1.1.1.1.2.2.1.1.3.2.1.1.3.3,1,13
794,TreeNode,1.1.1.1.2.2.1.1.3.2.1.1.3.3.1,0,14
795,TreeNode,1.1.1.1.2.2.1.1.3.2.1.1.3.3.2,0,14
195,TreeNode,1.1.1.1.2.2.1.1.3.2.1.2,1,11
907,TreeNode,1.1.1.1.2.2.1.1.3.2.1.2.1,0,12
196,TreeNode,1.1.1.1.2.2.1.1.3.2.1.3,2,11
252,TreeNode,1.1.1.1.2.2.1.1.3.2.1.3.1,1,12
562,TreeNode,1.1.1.1.2.2.1.1.3.2.1.3.1.1,0,13
563,TreeNode,1.1.1.1.2.2.1.1.3.2.1.3.1.2,0,13
564,TreeNode,1.1.1.1.2.2.1.1.3.2.1.3.1.3,0,13
253,TreeNode,1.1.1.1.2.2.1.1.3.2.1.3.2,0,12
101,TreeNode,1.1.1.1.2.2.1.1.3.2.2,4,10
203,TreeNode,1.1.1.1.2.2.1.1.3.2.2.1,3,11
495,TreeNode,1.1.1.1.2.2.1.1.3.2.2.1.1,2,12
550,TreeNode,1.1.1.1.2.2.1.1.3.2.2.1.1.1,0,13
551,TreeNode,1.1.1.1.2.2.1.1.3.2.2.1.1.2,1,13
808,TreeNode,1.1.1.1.2.2.1.1.3.2.2.1.1.2.1,0,14
552,TreeNode,1.1.1.1.2.2.1.1.3.2.2.1.1.3,0,13
496,TreeNode,1.1.1.1.2.2.1.1.3.2.2.1.2,0,12
102,TreeNode,1.1.1.1.2.2.1.1.3.2.3,4,10
223,TreeNode,1.1.1.1.2.2.1.1.3.2.3.1,2,11
333,TreeNode,1.1.1.1.2.2.1.1.3.2.3.1.1,1,12
683,TreeNode,1.1.1.1.2.2.1.1.3.2.3.1.1.1,0,13
684,TreeNode,1.1.1.1.2.2.1.1.3.2.3.1.1.2,0,13
685,TreeNode,1.1.1.1.2.2.1.1.3.2.3.1.1.3,0,13
334,TreeNode,1.1.1.1.2.2.1.1.3.2.3.1.2,1,12
525,TreeNode,1.1.1.1.2.2.1.1.3.2.3.1.2.1,0,13
224,TreeNode,1.1.1.1.2.2.1.1.3.2.3.2,0,11
225,TreeNode,1.1.1.1.2.2.1.1.3.2.3.3,3,11
239,TreeNode,1.1.1.1.2.2.1.1.3.2.3.3.1,1,12
980,TreeNode,1.1.1.1.2.2.1.1.3.2.3.3.1.1,0,13
981,TreeNode,1.1.1.1.2.2.1.1.3.2.3.3.1.2,0,13
240,TreeNode,1.1.1.1.2.2.1.1.3.2.3.3.2,2,12
301,TreeNode,1.1.1.1.2.2.1.1.3.2.3.3.2.1,1,13
973,TreeNode,1.1.1.1.2.2.1.1.3.2.3.3.2.1.1,0,14
302,TreeNode,1.1.1.1.2.2.1.1.3.2.3.3.2.2,0,13
303,TreeNode,1.1.1.1.2.2.1.1.3.2.3.3.2.3,0,13
26,TreeNode,1.1.1.1.2.3,2,5
192,TreeNode,1.1.1.1.2.3.1,0,6
193,TreeNode,1.1.1.1.2.3.2,1,6
827,TreeNode,1.1.1.1.2.3.2.1,0,7
828,TreeNode,1.1.1.1.2.3.2.2,0,7
829,TreeNode,1.1.1.1.2.3.2.3,0,7
7,TreeNode,1.1.1.2,19,3
8,TreeNode,1.1.1.2.1,18,4
15,TreeNode,1.1.1.2.1.1,9,5
40,TreeNode,1.1.1.2.1.1.1,8,6
73,TreeNode,1.1.1.2.1.1.1.1,7,7
77,TreeNode,1.1.1.2.1.1.1.1.1,3,8
134,TreeNode,1.1.1.2.1.1.1.1.1.1,2,9
569,TreeNode,1.1.1.2.1.1.1.1.1.1.1,1,10
884,TreeNode,1.1.1.2.1.1.1.1.1.1.1.1,0,11
885,TreeNode,1.1.1.2.1.1.1.1.1.1.1.2,0,11
78,TreeNode,1.1.1.2.1.1.1.1.2,6,8
88,TreeNode,1.1.1.2.1.1.1.1.2.1,5,9
188,TreeNode,1.1.1.2.1.1.1.1.2.1.1,0,10
189,TreeNode,1.1.1.2.1.1.1.1.2.1.2,4,10
469,TreeNode,1.1.1.2.1.1.1.1.2.1.2.1,2,11
825,TreeNode,1.1.1.2.1.1.1.1.2.1.2.1.1,1,12
903,TreeNode,1.1.1.2.1.1.1.1.2.1.2.1.1.1,0,13
826,TreeNode,1.1.1.2.1.1.1.1.2.1.2.1.2,0,12
470,TreeNode,1.1.1.2.1.1.1.1.2.1.2.2,0,11
471,TreeNode,1.1.1.2.1.1.1.1.2.1.2.3,3,11
677,TreeNode,1.1.1.2.1.1.1.1.2.1.2.3.1,2,12
681,TreeNode,1.1.1.2.1.1.1.1.2.1.2.3.1.1,1,13
793,TreeNode,1.1.1.2.1.1.1.1.2.1.2.3.1.1.1,0,14
682,TreeNode,1.1.1.2.1.1.1.1.2.1.2.3.1.2,0,13
190,TreeNode,1.1.1.2.1.1.1.1.2.1.3,1,10
480,TreeNode,1.1.1.2.1.1.1.1.2.1.3.1,0,11
481,TreeNode,1.1.1.2.1.1.1.1.2.1.3.2,0,11
74,TreeNode,1.1.1.2.1.1.1.2,1,7
115,TreeNode,1.1.1.2.1.1.1.2.1,0,8
116,TreeNode,1.1.1.2.1.1.1.2.2,0,8
16,TreeNode,1.1.1.2.1.2,17,5
20,TreeNode,1.1.1.2.1.2.1,16,6
21,TreeNode,1.1.1.2.1.2.1.1,15,7
54,TreeNode,1.1.1.2.1.2.1.1.1,14,8
105,TreeNode,1.1.1.2.1.2.1.1.1.1,13,9
109,TreeNode,1.1.1.2.1.2.1.1.1.1.1,12,10
121,TreeNode,1.1.1.2.1.2.1.1.1.1.1.1,0,11
122,TreeNode,1.1.1.2.1.2.1.1.1.1.1.2,0,11
123,TreeNode,1.1.1.2.1.2.1.1.1.1.1.3,11,11
138,TreeNode,1.1.1.2.1.2.1.1.1.1.1.3.1,10,12
159,TreeNode,1.1.1.2.1.2.1.1.1.1.1.3.1.1,3,13
257,TreeNode,1.1.1.2.1.2.1.1.1.1.1.3.1.1.1,2,14
848,TreeNode,1.1.1.2.1.2.1.1.1.1.1.3.1.1.1.1,0,15
849,TreeNode,1.1.1.2.1.2.1.1.1.1.1.3.1.1.1.2,1,15
956,TreeNode,1.1.1.2.1.2.1.1.1.1.1.3.1.1.1.2.1,0,16
850,TreeNode,1.1.1.2.1.2.1.1.1.1.1.3.1.1.1.3,1,15
986,TreeNode,1.1.1.2.1.2.1.1.1.1.1.3.1.1.1.3.1,0,16
987,TreeNode,1.1.1.2.1.2.1.1.1.1.1.3.1.1.1.3.2,0,16
988,TreeNode,1.1.1.2.1.2.1.1.1.1.1.3.1.1.1.3.3,0,16
258,TreeNode,1.1.1.2.1.2.1.1.1.1.1.3.1.1.2,1,14
578,TreeNode,1.1.1.2.1.2.1.1.1.1.1.3.1.1.2.1,0,15
259,TreeNode,1.1.1.2.1.2.1.1.1.1.1.3.1.1.3,1,14
319,TreeNode,1.1.1.2.1.2.1.1.1.1.1.3.1.1.3.1,0,15
160,TreeNode,1.1.1.2.1.2.1.1.1.1.1.3.1.2,2,13
238,TreeNode,1.1.1.2.1.2.1.1.1.1.1.3.1.2.1,1,14
628,TreeNode,1.1.1.2.1.2.1.1.1.1.1.3.1.2.1.1,0,15
161,TreeNode,1.1.1.2.1.2.1.1.1.1.1.3.1.3,9,13
166,TreeNode,1.1.1.2.1.2.1.1.1.1.1.3.1.3.1,3,14
339,TreeNode,1.1.1.2.1.2.1.1.1.1.1.3.1.3.1.1,0,15
340,TreeNode,1.1.1.2.1.2.1.1.1.1.1.3.1.3.1.2,2,15
398,TreeNode,1.1.1.2.1.2.1.1.1.1.1.3.1.3.1.2.1,1,16
548,TreeNode,1.1.1.2.1.2.1.1.1.1.1.3.1.3.1.2.1.1,0,17
549,TreeNode,1.1.1.2.1.2.1.1.1.1.1.3.1.3.1.2.1.2,0,17
399,TreeNode,1.1.1.2.1.2.1.1.1.1.1.3.1.3.1.2.2,1,16
665,TreeNode,1.1.1.2.1.2.1.1.1.1.1.3.1.3.1.2.2.1,0,17
666,TreeNode,1.1.1.2.1.2.1.1.1.1.1.3.1.3.1.2.2.2,0,17
667,TreeNode,1.1.1.2.1.2.1.1.1.1.1.3.1.3.1.2.2.3,0,17
400,TreeNode,1.1.1.2.1.2.1.1.1.1.1.3.1.3.1.2.3,0,16
341,TreeNode,1.1.1.2.1.2.1.1.1.1.1.3.1.3.1.3,2,15
573,TreeNode,1.1.1.2.1.2.1.1.1.1.1.3.1.3.1.3.1,1,16
889,TreeNode,1.1.1.2.1.2.1.1.1.1.1.3.1.3.1.3.1.1,0,17
890,TreeNode,1.1.1.2.1.2.1.1.1.1.1.3.1.3.1.3.1.2,0,17
574,TreeNode,1.1.1.2.1.2.1.1.1.1.1.3.1.3.1.3.2,0,16
167,TreeNode,1.1.1.2.1.2.1.1.1.1.1.3.1.3.2,3,14
479,TreeNode,1.1.1.2.1.2.1.1.1.1.1.3.1.3.2.1,2,15
566,TreeNode,1.1.1.2.1.2.1.1.1.1.1.3.1.3.2.1.1,1,16
781,TreeNode,1.1.1.2.1.2.1.1.1.1.1.3.1.3.2.1.1.1,0,17
782,TreeNode,1.1.1.2.1.2.1.1.1.1.1.3.1.3.2.1.1.2,0,17
567,TreeNode,1.1.1.2.1.2.1.1.1.1.1.3.1.3.2.1.2,0,16
568,TreeNode,1.1.1.2.1.2.1.1.1.1.1.3.1.3.2.1.3,0,16
168,TreeNode,1.1.1.2.1.2.1.1.1.1.1.3.1.3.3,8,14
201,TreeNode,1.1.1.2.1.2.1.1.1.1.1.3.1.3.3.1,7,15
330,TreeNode,1.1.1.2.1.2.1.1.1.1.1.3.1.3.3.1.1,0,16
331,TreeNode,1.1.1.2.1.2.1.1.1.1.1.3.1.3.3.1.2,6,16
351,TreeNode,1.1.1.2.1.2.1.1.1.1.1.3.1.3.3.1.2.1,2,17
462,TreeNode,1.1.1.2.1.2.1.1.1.1.1.3.1.3.3.1.2.1.1,1,18
687,TreeNode,1.1.1.2.1.2.1.1.1.1.1.3.1.3.3.1.2.1.1.1,0,19
352,TreeNode,1.1.1.2.1.2.1.1.1.1.1.3.1.3.3.1.2.2,5,17
510,TreeNode,1.1.1.2.1.2.1.1.1.1.1.3.1.3.3.1.2.2.1,2,18
784,TreeNode,1.1.1.2.1.2.1.1.1.1.1.3.1.3.3.1.2.2.1.1,1,19
962,TreeNode,1.1.1.2.1.2.1.1.1.1.1.3.1.3.3.1.2.2.1.1.1,0,20
785,TreeNode,1.1.1.2.1.2.1.1.1.1.1.3.1.3.3.1.2.2.1.2,0,19
786,TreeNode,1.1.1.2.1.2.1.1.1.1.1.3.1.3.3.1.2.2.1.3,0,19
511,TreeNode,1.1.1.2.1.2.1.1.1.1.1.3.1.3.3.1.2.2.2,4,18
565,TreeNode,1.1.1.2.1.2.1.1.1.1.1.3.1.3.3.1.2.2.2.1,3,19
706,TreeNode,1.1.1.2.1.2.1.1.1.1.1.3.1.3.3.1.2.2.2.1.1,2,20
833,TreeNode,1.1.1.2.1.2.1.1.1.1.1.3.1.3.3.1.2.2.2.1.1.1,1,21
961,TreeNode,1.1.1.2.1.2.1.1.1.1.1.3.1.3.3.1.2.2.2.1.1.1.1,0,22
707,TreeNode,1.1.1.2.1.2.1.1.1.1.1.3.1.3.3.1.2.2.2.1.2,1,20
830,TreeNode,1.1.1.2.1.2.1.1.1.1.1.3.1.3.3.1.2.2.2.1.2.1,0,21
831,TreeNode,1.1.1.2.1.2.1.1.1.1.1.3.1.3.3.1.2.2.2.1.2.2,0,21
832,TreeNode,1.1.1.2.1.2.1.1.1.1.1.3.1.3.3.1.2.2.2.1.2.3,0,21
512,TreeNode,1.1.1.2.1.2.1.1.1.1.1.3.1.3.3.1.2.2.3,0,18
332,TreeNode,1.1.1.2.1.2.1.1.1.1.1.3.1.3.3.1.3,0,16
202,TreeNode,1.1.1.2.1.2.1.1.1.1.1.3.1.3.3.2,1,15
276,TreeNode,1.1.1.2.1.2.1.1.1.1.1.3.1.3.3.2.1,0,16
110,TreeNode,1.1.1.2.1.2.1.1.1.1.2,5,10
245,TreeNode,1.1.1.2.1.2.1.1.1.1.2.1,1,11
442,TreeNode,1.1.1.2.1.2.1.1.1.1.2.1.1,0,12
443,TreeNode,1.1.1.2.1.2.1.1.1.1.2.1.2,0,12
246,TreeNode,1.1.1.2.1.2.1.1.1.1.2.2,4,11
638,TreeNode,1.1.1.2.1.2.1.1.1.1.2.2.1,3,12
841,TreeNode,1.1.1.2.1.2.1.1.1.1.2.2.1.1,2,13
941,TreeNode,1.1.1.2.1.2.1.1.1.1.2.2.1.1.1,1,14
948,TreeNode,1.1.1.2.1.2.1.1.1.1.2.2.1.1.1.1,0,15
949,TreeNode,1.1.1.2.1.2.1.1.1.1.2.2.1.1.1.2,0,15
942,TreeNode,1.1.1.2.1.2.1.1.1.1.2.2.1.1.2,0,14
943,TreeNode,1.1.1.2.1.2.1.1.1.1.2.2.1.1.3,1,14
985,TreeNode,1.1.1.2.1.2.1.1.1.1.2.2.1.1.3.1,0,15
247,TreeNode,1.1.1.2.1.2.1.1.1.1.2.3,4,11
570,TreeNode,1.1.1.2.1.2.1.1.1.1.2.3.1,3,12
656,TreeNode,1.1.1.2.1.2.1.1.1.1.2.3.1.1,2,13
938,TreeNode,1.1.1.2.1.2.1.1.1.1.2.3.1.1.1,1,14
939,TreeNode,1.1.1.2.1.2.1.1.1.1.2.3.1.1.1.1,0,15
940,TreeNode,1.1.1.2.1.2.1.1.1.1.2.3.1.1.1.2,0,15
571,TreeNode,1.1.1.2.1.2.1.1.1.1.2.3.2,1,12
590,TreeNode,1.1.1.2.1.2.1.1.1.1.2.3.2.1,0,13
591,TreeNode,1.1.1.2.1.2.1.1.1.1.2.3.2.2,0,13
572,TreeNode,1.1.1.2.1.2.1.1.1.1.2.3.3,0,12
111,TreeNode,1.1.1.2.1.2.1.1.1.1.3,0,10
106,TreeNode,1.1.1.2.1.2.1.1.1.2,6,9
119,TreeNode,1.1.1.2.1.2.1.1.1.2.1,5,10
272,TreeNode,1.1.1.2.1.2.1.1.1.2.1.1,4,11
296,TreeNode,1.1.1.2.1.2.1.1.1.2.1.1.1,2,12
448,TreeNode,1.1.1.2.1.2.1.1.1.2.1.1.1.1,0,13
449,TreeNode,1.1.1.2.1.2.1.1.1.2.1.1.1.2,1,13
821,TreeNode,1.1.1.2.1.2.1.1.1.2.1.1.1.2.1,0,14
822,TreeNode,1.1.1.2.1.2.1.1.1.2.1.1.1.2.2,0,14
450,TreeNode,1.1.1.2.1.2.1.1.1.2.1.1.1.3,1,13
622,TreeNode,1.1.1.2.1.2.1.1.1.2.1.1.1.3.1,0,14
623,TreeNode,1.1.1.2.1.2.1.1.1.2.1.1.1.3.2,0,14
297,TreeNode,1.1.1.2.1.2.1.1.1.2.1.1.2,3,12
777,TreeNode,1.1.1.2.1.2.1.1.1.2.1.1.2.1,2,13
932,TreeNode,1.1.1.2.1.2.1.1.1.2.1.1.2.1.1,0,14
933,TreeNode,1.1.1.2.1.2.1.1.1.2.1.1.2.1.2,0,14
934,TreeNode,1.1.1.2.1.2.1.1.1.2.1.1.2.1.3,1,14
946,TreeNode,1.1.1.2.1.2.1.1.1.2.1.1.2.1.3.1,0,15
947,TreeNode,1.1.1.2.1.2.1.1.1.2.1.1.2.1.3.2,0,15
778,TreeNode,1.1.1.2.1.2.1.1.1.2.1.1.2.2,1,13
803,TreeNode,1.1.1.2.1.2.1.1.1.2.1.1.2.2.1,0,14
804,TreeNode,1.1.1.2.1.2.1.1.1.2.1.1.2.2.2,0,14
120,TreeNode,1.1.1.2.1.2.1.1.1.2.2,1,10
208,TreeNode,1.1.1.2.1.2.1.1.1.2.2.1,0,11
55,TreeNode,1.1.1.2.1.2.1.1.2,3,8
232,TreeNode,1.1.1.2.1.2.1.1.2.1,2,9
270,TreeNode,1.1.1.2.1.2.1.1.2.1.1,1,10
279,TreeNode,1.1.1.2.1.2.1.1.2.1.1.1,0,11
271,TreeNode,1.1.1.2.1.2.1.1.2.1.2,1,10
478,TreeNode,1.1.1.2.1.2.1.1.2.1.2.1,0,11
56,TreeNode,1.1.1.2.1.2.1.1.3,1,8
60,TreeNode,1.1.1.2.1.2.1.1.3.1,0,9
22,TreeNode,1.1.1.2.1.2.1.2,7,7
57,TreeNode,1.1.1.2.1.2.1.2.1,6,8
58,TreeNode,1.1.1.2.1.2.1.2.1.1,5,9
91,TreeNode,1.1.1.2.1.2.1.2.1.1.1,4,10
92,TreeNode,1.1.1.2.1.2.1.2.1.1.1.1,3,11
179,TreeNode,1.1.1.2.1.2.1.2.1.1.1.1.1,2,12
482,TreeNode,1.1.1.2.1.2.1.2.1.1.1.1.1.1,0,13
483,TreeNode,1.1.1.2.1.2.1.2.1.1.1.1.1.2,1,13
668,TreeNode,1.1.1.2.1.2.1.2.1.1.1.1.1.2.1,0,14
669,TreeNode,1.1.1.2.1.2.1.2.1.1.1.1.1.2.2,0,14
670,TreeNode,1.1.1.2.1.2.1.2.1.1.1.1.1.2.3,0,14
23,TreeNode,1.1.1.2.1.2.1.3,14,7
41,TreeNode,1.1.1.2.1.2.1.3.1,8,8
124,TreeNode,1.1.1.2.1.2.1.3.1.1,7,9
266,TreeNode,1.1.1.2.1.2.1.3.1.1.1,0,10
267,TreeNode,1.1.1.2.1.2.1.3.1.1.2,1,10
447,TreeNode,1.1.1.2.1.2.1.3.1.1.2.1,0,11
268,TreeNode,1.1.1.2.1.2.1.3.1.1.3,6,10
292,TreeNode,1.1.1.2.1.2.1.3.1.1.3.1,5,11
305,TreeNode,1.1.1.2.1.2.1.3.1.1.3.1.1,4,12
388,TreeNode,1.1.1.2.1.2.1.3.1.1.3.1.1.1,3,13
389,TreeNode,1.1.1.2.1.2.1.3.1.1.3.1.1.1.1,1,14
740,TreeNode,1.1.1.2.1.2.1.3.1.1.3.1.1.1.1.1,0,15
390,TreeNode,1.1.1.2.1.2.1.3.1.1.3.1.1.1.2,0,14
391,TreeNode,1.1.1.2.1.2.1.3.1.1.3.1.1.1.3,2,14
710,TreeNode,1.1.1.2.1.2.1.3.1.1.3.1.1.1.3.1,0,15
711,TreeNode,1.1.1.2.1.2.1.3.1.1.3.1.1.1.3.2,1,15
931,TreeNode,1.1.1.2.1.2.1.3.1.1.3.1.1.1.3.2.1,0,16
306,TreeNode,1.1.1.2.1.2.1.3.1.1.3.1.2,0,12
307,TreeNode,1.1.1.2.1.2.1.3.1.1.3.1.3,2,12
412,TreeNode,1.1.1.2.1.2.1.3.1.1.3.1.3.1,1,13
704,TreeNode,1.1.1.2.1.2.1.3.1.1.3.1.3.1.1,0,14
705,TreeNode,1.1.1.2.1.2.1.3.1.1.3.1.3.1.2,0,14
413,TreeNode,1.1.1.2.1.2.1.3.1.1.3.1.3.2,0,13
293,TreeNode,1.1.1.2.1.2.1.3.1.1.3.2,4,11
632,TreeNode,1.1.1.2.1.2.1.3.1.1.3.2.1,1,12
739,TreeNode,1.1.1.2.1.2.1.3.1.1.3.2.1.1,0,13
633,TreeNode,1.1.1.2.1.2.1.3.1.1.3.2.2,3,12
909,TreeNode,1.1.1.2.1.2.1.3.1.1.3.2.2.1,0,13
910,TreeNode,1.1.1.2.1.2.1.3.1.1.3.2.2.2,2,13
970,TreeNode,1.1.1.2.1.2.1.3.1.1.3.2.2.2.1,0,14
971,TreeNode,1.1.1.2.1.2.1.3.1.1.3.2.2.2.2,1,14
982,TreeNode,1.1.1.2.1.2.1.3.1.1.3.2.2.2.2.1,0,15
983,TreeNode,1.1.1.2.1.2.1.3.1.1.3.2.2.2.2.2,0,15
972,TreeNode,1.1.1.2.1.2.1.3.1.1.3.2.2.2.3,0,14
911,TreeNode,1.1.1.2.1.2.1.3.1.1.3.2.2.3,0,13
125,TreeNode,1.1.1.2.1.2.1.3.1.2,0,9
126,TreeNode,1.1.1.2.1.2.1.3.1.3,6,9
308,TreeNode,1.1.1.2.1.2.1.3.1.3.1,1,10
900,TreeNode,1.1.1.2.1.2.1.3.1.3.1.1,0,11
901,TreeNode,1.1.1.2.1.2.1.3.1.3.1.2,0,11
902,TreeNode,1.1.1.2.1.2.1.3.1.3.1.3,0,11
309,TreeNode,1.1.1.2.1.2.1.3.1.3.2,5,10
503,TreeNode,1.1.1.2.1.2.1.3.1.3.2.1,0,11
504,TreeNode,1.1.1.2.1.2.1.3.1.3.2.2,2,11
701,TreeNode,1.1.1.2.1.2.1.3.1.3.2.2.1,1,12
959,TreeNode,1.1.1.2.1.2.1.3.1.3.2.2.1.1,0,13
702,TreeNode,1.1.1.2.1.2.1.3.1.3.2.2.2,1,12
809,TreeNode,1.1.1.2.1.2.1.3.1.3.2.2.2.1,0,13
810,TreeNode,1.1.1.2.1.2.1.3.1.3.2.2.2.2,0,13
505,TreeNode,1.1.1.2.1.2.1.3.1.3.2.3,4,11
713,TreeNode,1.1.1.2.1.2.1.3.1.3.2.3.1,3,12
818,TreeNode,1.1.1.2.1.2.1.3.1.3.2.3.1.1,0,13
819,TreeNode,1.1.1.2.1.2.1.3.1.3.2.3.1.2,0,13
820,TreeNode,1.1.1.2.1.2.1.3.1.3.2.3.1.3,2,13
875,TreeNode,1.1.1.2.1.2.1.3.1.3.2.3.1.3.1,1,14
950,TreeNode,1.1.1.2.1.2.1.3.1.3.2.3.1.3.1.1,0,15
876,TreeNode,1.1.1.2.1.2.1.3.1.3.2.3.1.3.2,0,14
877,TreeNode,1.1.1.2.1.2.1.3.1.3.2.3.1.3.3,0,14
310,TreeNode,1.1.1.2.1.2.1.3.1.3.3,1,10
486,TreeNode,1.1.1.2.1.2.1.3.1.3.3.1,0,11
487,TreeNode,1.1.1.2.1.2.1.3.1.3.3.2,0,11
42,TreeNode,1.1.1.2.1.2.1.3.2,13,8
52,TreeNode,1.1.1.2.1.2.1.3.2.1,12,9
85,TreeNode,1.1.1.2.1.2.1.3.2.1.1,2,10
103,TreeNode,1.1.1.2.1.2.1.3.2.1.1.1,1,11
144,TreeNode,1.1.1.2.1.2.1.3.2.1.1.1.1,0,12
104,TreeNode,1.1.1.2.1.2.1.3.2.1.1.2,1,11
559,TreeNode,1.1.1.2.1.2.1.3.2.1.1.2.1,0,12
560,TreeNode,1.1.1.2.1.2.1.3.2.1.1.2.2,0,12
561,TreeNode,1.1.1.2.1.2.1.3.2.1.1.2.3,0,12
86,TreeNode,1.1.1.2.1.2.1.3.2.1.2,2,10
769,TreeNode,1.1.1.2.1.2.1.3.2.1.2.1,1,11
834,TreeNode,1.1.1.2.1.2.1.3.2.1.2.1.1,0,12
770,TreeNode,1.1.1.2.1.2.1.3.2.1.2.2,0,11
87,TreeNode,1.1.1.2.1.2.1.3.2.1.3,11,10
107,TreeNode,1.1.1.2.1.2.1.3.2.1.3.1,5,11
260,TreeNode,1.1.1.2.1.2.1.3.2.1.3.1.1,1,12
350,TreeNode,1.1.1.2.1.2.1.3.2.1.3.1.1.1,0,13
261,TreeNode,1.1.1.2.1.2.1.3.2.1.3.1.2,3,12
342,TreeNode,1.1.1.2.1.2.1.3.2.1.3.1.2.1,0,13
343,TreeNode,1.1.1.2.1.2.1.3.2.1.3.1.2.2,2,13
419,TreeNode,1.1.1.2.1.2.1.3.2.1.3.1.2.2.1,1,14
518,TreeNode,1.1.1.2.1.2.1.3.2.1.3.1.2.2.1.1,0,15
519,TreeNode,1.1.1.2.1.2.1.3.2.1.3.1.2.2.1.2,0,15
420,TreeNode,1.1.1.2.1.2.1.3.2.1.3.1.2.2.2,0,14
262,TreeNode,1.1.1.2.1.2.1.3.2.1.3.1.3,4,12
465,TreeNode,1.1.1.2.1.2.1.3.2.1.3.1.3.1,3,13
671,TreeNode,1.1.1.2.1.2.1.3.2.1.3.1.3.1.1,2,14
700,TreeNode,1.1.1.2.1.2.1.3.2.1.3.1.3.1.1.1,1,15
811,TreeNode,1.1.1.2.1.2.1.3.2.1.3.1.3.1.1.1.1,0,16
672,TreeNode,1.1.1.2.1.2.1.3.2.1.3.1.3.1.2,0,14
673,TreeNode,1.1.1.2.1.2.1.3.2.1.3.1.3.1.3,0,14
108,TreeNode,1.1.1.2.1.2.1.3.2.1.3.2,10,11
149,TreeNode,1.1.1.2.1.2.1.3.2.1.3.2.1,1,12
174,TreeNode,1.1.1.2.1.2.1.3.2.1.3.2.1.1,0,13
150,TreeNode,1.1.1.2.1.2.1.3.2.1.3.2.2,9,12
155,TreeNode,1.1.1.2.1.2.1.3.2.1.3.2.2.1,6,13
304,TreeNode,1.1.1.2.1.2.1.3.2.1.3.2.2.1.1,5,14
360,TreeNode,1.1.1.2.1.2.1.3.2.1.3.2.2.1.1.1,0,15
361,TreeNode,1.1.1.2.1.2.1.3.2.1.3.2.2.1.1.2,4,15
451,TreeNode,1.1.1.2.1.2.1.3.2.1.3.2.2.1.1.2.1,1,16
731,TreeNode,1.1.1.2.1.2.1.3.2.1.3.2.2.1.1.2.1.1,0,17
732,TreeNode,1.1.1.2.1.2.1.3.2.1.3.2.2.1.1.2.1.2,0,17
733,TreeNode,1.1.1.2.1.2.1.3.2.1.3.2.2.1.1.2.1.3,0,17
452,TreeNode,1.1.1.2.1.2.1.3.2.1.3.2.2.1.1.2.2,3,16
529,TreeNode,1.1.1.2.1.2.1.3.2.1.3.2.2.1.1.2.2.1,2,17
586,TreeNode,1.1.1.2.1.2.1.3.2.1.3.2.2.1.1.2.2.1.1,0,18
587,TreeNode,1.1.1.2.1.2.1.3.2.1.3.2.2.1.1.2.2.1.2,1,18
1000,TreeNode,1.1.1.2.1.2.1.3.2.1.3.2.2.1.1.2.2.1.2.1,0,19
530,TreeNode,1.1.1.2.1.2.1.3.2.1.3.2.2.1.1.2.2.2,0,17
531,TreeNode,1.1.1.2.1.2.1.3.2.1.3.2.2.1.1.2.2.3,0,17
453,TreeNode,1.1.1.2.1.2.1.3.2.1.3.2.2.1.1.2.3,1,16
627,TreeNode,1.1.1.2.1.2.1.3.2.1.3.2.2.1.1.2.3.1,0,17
362,TreeNode,1.1.1.2.1.2.1.3.2.1.3.2.2.1.1.3,0,15
156,TreeNode,1.1.1.2.1.2.1.3.2.1.3.2.2.2,8,13
171,TreeNode,1.1.1.2.1.2.1.3.2.1.3.2.2.2.1,2,14
756,TreeNode,1.1.1.2.1.2.1.3.2.1.3.2.2.2.1.1,1,15
999,TreeNode,1.1.1.2.1.2.1.3.2.1.3.2.2.2.1.1.1,0,16
757,TreeNode,1.1.1.2.1.2.1.3.2.1.3.2.2.2.1.2,0,15
758,TreeNode,1.1.1.2.1.2.1.3.2.1.3.2.2.2.1.3,0,15
172,TreeNode,1.1.1.2.1.2.1.3.2.1.3.2.2.2.2,7,14
209,TreeNode,1.1.1.2.1.2.1.3.2.1.3.2.2.2.2.1,6,15
263,TreeNode,1.1.1.2.1.2.1.3.2.1.3.2.2.2.2.1.1,0,16
264,TreeNode,1.1.1.2.1.2.1.3.2.1.3.2.2.2.2.1.2,1,16
790,TreeNode,1.1.1.2.1.2.1.3.2.1.3.2.2.2.2.1.2.1,0,17
791,TreeNode,1.1.1.2.1.2.1.3.2.1.3.2.2.2.2.1.2.2,0,17
792,TreeNode,1.1.1.2.1.2.1.3.2.1.3.2.2.2.2.1.2.3,0,17
265,TreeNode,1.1.1.2.1.2.1.3.2.1.3.2.2.2.2.1.3,5,16
347,TreeNode,1.1.1.2.1.2.1.3.2.1.3.2.2.2.2.1.3.1,0,17
348,TreeNode,1.1.1.2.1.2.1.3.2.1.3.2.2.2.2.1.3.2,1,17
375,TreeNode,1.1.1.2.1.2.1.3.2.1.3.2.2.2.2.1.3.2.1,0,18
349,TreeNode,1.1.1.2.1.2.1.3.2.1.3.2.2.2.2.1.3.3,4,17
424,TreeNode,1.1.1.2.1.2.1.3.2.1.3.2.2.2.2.1.3.3.1,2,18
708,TreeNode,1.1.1.2.1.2.1.3.2.1.3.2.2.2.2.1.3.3.1.1,1,19
842,TreeNode,1.1.1.2.1.2.1.3.2.1.3.2.2.2.2.1.3.3.1.1.1,0,20
709,TreeNode,1.1.1.2.1.2.1.3.2.1.3.2.2.2.2.1.3.3.1.2,0,19
425,TreeNode,1.1.1.2.1.2.1.3.2.1.3.2.2.2.2.1.3.3.2,3,18
454,TreeNode,1.1.1.2.1.2.1.3.2.1.3.2.2.2.2.1.3.3.2.1,2,19
477,TreeNode,1.1.1.2.1.2.1.3.2.1.3.2.2.2.2.1.3.3.2.1.1,1,20
800,TreeNode,1.1.1.2.1.2.1.3.2.1.3.2.2.2.2.1.3.3.2.1.1.1,0,21
801,TreeNode,1.1.1.2.1.2.1.3.2.1.3.2.2.2.2.1.3.3.2.1.1.2,0,21
455,TreeNode,1.1.1.2.1.2.1.3.2.1.3.2.2.2.2.1.3.3.2.2,0,19
456,TreeNode,1.1.1.2.1.2.1.3.2.1.3.2.2.2.2.1.3.3.2.3,1,19
719,TreeNode,1.1.1.2.1.2.1.3.2.1.3.2.2.2.2.1.3.3.2.3.1,0,20
173,TreeNode,1.1.1.2.1.2.1.3.2.1.3.2.2.2.3,3,14
553,TreeNode,1.1.1.2.1.2.1.3.2.1.3.2.2.2.3.1,2,15
612,TreeNode,1.1.1.2.1.2.1.3.2.1.3.2.2.2.3.1.1,0,16
613,TreeNode,1.1.1.2.1.2.1.3.2.1.3.2.2.2.3.1.2,1,16
625,TreeNode,1.1.1.2.1.2.1.3.2.1.3.2.2.2.3.1.2.1,0,17
626,TreeNode,1.1.1.2.1.2.1.3.2.1.3.2.2.2.3.1.2.2,0,17
554,TreeNode,1.1.1.2.1.2.1.3.2.1.3.2.2.2.3.2,0,15
555,TreeNode,1.1.1.2.1.2.1.3.2.1.3.2.2.2.3.3,1,15
694,TreeNode,1.1.1.2.1.2.1.3.2.1.3.2.2.2.3.3.1,0,16
157,TreeNode,1.1.1.2.1.2.1.3.2.1.3.2.2.3,1,13
180,TreeNode,1.1.1.2.1.2.1.3.2.1.3.2.2.3.1,0,14
151,TreeNode,1.1.1.2.1.2.1.3.2.1.3.2.3,1,12
439,TreeNode,1.1.1.2.1.2.1.3.2.1.3.2.3.1,0,13
440,TreeNode,1.1.1.2.1.2.1.3.2.1.3.2.3.2,0,13
43,TreeNode,1.1.1.2.1.2.1.3.3,9,8
45,TreeNode,1.1.1.2.1.2.1.3.3.1,8,9
181,TreeNode,1.1.1.2.1.2.1.3.3.1.1,7,10
235,TreeNode,1.1.1.2.1.2.1.3.3.1.1.1,4,11
463,TreeNode,1.1.1.2.1.2.1.3.3.1.1.1.1,3,12
634,TreeNode,1.1.1.2.1.2.1.3.3.1.1.1.1.1,2,13
881,TreeNode,1.1.1.2.1.2.1.3.3.1.1.1.1.1.1,0,14
882,TreeNode,1.1.1.2.1.2.1.3.3.1.1.1.1.1.2,0,14
883,TreeNode,1.1.1.2.1.2.1.3.3.1.1.1.1.1.3,1,14
926,TreeNode,1.1.1.2.1.2.1.3.3.1.1.1.1.1.3.1,0,15
635,TreeNode,1.1.1.2.1.2.1.3.3.1.1.1.1.2,0,13
636,TreeNode,1.1.1.2.1.2.1.3.3.1.1.1.1.3,0,13
464,TreeNode,1.1.1.2.1.2.1.3.3.1.1.1.2,2,12
724,TreeNode,1.1.1.2.1.2.1.3.3.1.1.1.2.1,1,13
747,TreeNode,1.1.1.2.1.2.1.3.3.1.1.1.2.1.1,0,14
725,TreeNode,1.1.1.2.1.2.1.3.3.1.1.1.2.2,0,13
726,TreeNode,1.1.1.2.1.2.1.3.3.1.1.1.2.3,0,13
236,TreeNode,1.1.1.2.1.2.1.3.3.1.1.2,4,11
249,TreeNode,1.1.1.2.1.2.1.3.3.1.1.2.1,3,12
364,TreeNode,1.1.1.2.1.2.1.3.3.1.1.2.1.1,2,13
773,TreeNode,1.1.1.2.1.2.1.3.3.1.1.2.1.1.1,1,14
844,TreeNode,1.1.1.2.1.2.1.3.3.1.1.2.1.1.1.1,0,15
845,TreeNode,1.1.1.2.1.2.1.3.3.1.1.2.1.1.1.2,0,15
846,TreeNode,1.1.1.2.1.2.1.3.3.1.1.2.1.1.1.3,0,15
774,TreeNode,1.1.1.2.1.2.1.3.3.1.1.2.1.1.2,0,14
365,TreeNode,1.1.1.2.1.2.1.3.3.1.1.2.1.2,2,13
861,TreeNode,1.1.1.2.1.2.1.3.3.1.1.2.1.2.1,0,14
862,TreeNode,1.1.1.2.1.2.1.3.3.1.1.2.1.2.2,0,14
863,TreeNode,1.1.1.2.1.2.1.3.3.1.1.2.1.2.3,1,14
951,TreeNode,1.1.1.2.1.2.1.3.3.1.1.2.1.2.3.1,0,15
952,TreeNode,1.1.1.2.1.2.1.3.3.1.1.2.1.2.3.2,0,15
250,TreeNode,1.1.1.2.1.2.1.3.3.1.1.2.2,2,12
459,TreeNode,1.1.1.2.1.2.1.3.3.1.1.2.2.1,0,13
460,TreeNode,1.1.1.2.1.2.1.3.3.1.1.2.2.2,0,13
461,TreeNode,1.1.1.2.1.2.1.3.3.1.1.2.2.3,1,13
532,TreeNode,1.1.1.2.1.2.1.3.3.1.1.2.2.3.1,0,14
251,TreeNode,1.1.1.2.1.2.1.3.3.1.1.2.3,1,12
960,TreeNode,1.1.1.2.1.2.1.3.3.1.1.2.3.1,0,13
237,TreeNode,1.1.1.2.1.2.1.3.3.1.1.3,6,11
248,TreeNode,1.1.1.2.1.2.1.3.3.1.1.3.1,5,12
273,TreeNode,1.1.1.2.1.2.1.3.3.1.1.3.1.1,0,13
274,TreeNode,1.1.1.2.1.2.1.3.3.1.1.3.1.2,4,13
282,TreeNode,1.1.1.2.1.2.1.3.3.1.1.3.1.2.1,0,14
283,TreeNode,1.1.1.2.1.2.1.3.3.1.1.3.1.2.2,1,14
392,TreeNode,1.1.1.2.1.2.1.3.3.1.1.3.1.2.2.1,0,15
393,TreeNode,1.1.1.2.1.2.1.3.3.1.1.3.1.2.2.2,0,15
284,TreeNode,1.1.1.2.1.2.1.3.3.1.1.3.1.2.3,3,14
645,TreeNode,1.1.1.2.1.2.1.3.3.1.1.3.1.2.3.1,0,15
646,TreeNode,1.1.1.2.1.2.1.3.3.1.1.3.1.2.3.2,2,15
727,TreeNode,1.1.1.2.1.2.1.3.3.1.1.3.1.2.3.2.1,1,16
783,TreeNode,1.1.1.2.1.2.1.3.3.1.1.3.1.2.3.2.1.1,0,17
728,TreeNode,1.1.1.2.1.2.1.3.3.1.1.3.1.2.3.2.2,0,16
647,TreeNode,1.1.1.2.1.2.1.3.3.1.1.3.1.2.3.3,2,15
654,TreeNode,1.1.1.2.1.2.1.3.3.1.1.3.1.2.3.3.1,0,16
655,TreeNode,1.1.1.2.1.2.1.3.3.1.1.3.1.2.3.3.2,1,16
693,TreeNode,1.1.1.2.1.2.1.3.3.1.1.3.1.2.3.3.2.1,0,17
275,TreeNode,1.1.1.2.1.2.1.3.3.1.1.3.1.3,0,13
46,TreeNode,1.1.1.2.1.2.1.3.3.2,3,9
143,TreeNode,1.1.1.2.1.2.1.3.3.2.1,2,10
315,TreeNode,1.1.1.2.1.2.1.3.3.2.1.1,1,11
317,TreeNode,1.1.1.2.1.2.1.3.3.2.1.1.1,0,12
318,TreeNode,1.1.1.2.1.2.1.3.3.2.1.1.2,0,12
316,TreeNode,1.1.1.2.1.2.1.3.3.2.1.2,1,11
441,TreeNode,1.1.1.2.1.2.1.3.3.2.1.2.1,0,12
47,TreeNode,1.1.1.2.1.2.1.3.3.3,8,9
95,TreeNode,1.1.1.2.1.2.1.3.3.3.1,1,10
484,TreeNode,1.1.1.2.1.2.1.3.3.3.1.1,0,11
485,TreeNode,1.1.1.2.1.2.1.3.3.3.1.2,0,11
96,TreeNode,1.1.1.2.1.2.1.3.3.3.2,7,10
218,TreeNode,1.1.1.2.1.2.1.3.3.3.2.1,1,11
499,TreeNode,1.1.1.2.1.2.1.3.3.3.2.1.1,0,12
219,TreeNode,1.1.1.2.1.2.1.3.3.3.2.2,6,11
220,TreeNode,1.1.1.2.1.2.1.3.3.3.2.2.1,4,12
369,TreeNode,1.1.1.2.1.2.1.3.3.3.2.2.1.1,3,13
729,TreeNode,1.1.1.2.1.2.1.3.3.3.2.2.1.1.1,0,14
730,TreeNode,1.1.1.2.1.2.1.3.3.3.2.2.1.1.2,2,14
823,TreeNode,1.1.1.2.1.2.1.3.3.3.2.2.1.1.2.1,0,15
824,TreeNode,1.1.1.2.1.2.1.3.3.3.2.2.1.1.2.2,1,15
914,TreeNode,1.1.1.2.1.2.1.3.3.3.2.2.1.1.2.2.1,0,16
915,TreeNode,1.1.1.2.1.2.1.3.3.3.2.2.1.1.2.2.2,0,16
916,TreeNode,1.1.1.2.1.2.1.3.3.3.2.2.1.1.2.2.3,0,16
370,TreeNode,1.1.1.2.1.2.1.3.3.3.2.2.1.2,0,13
371,TreeNode,1.1.1.2.1.2.1.3.3.3.2.2.1.3,0,13
221,TreeNode,1.1.1.2.1.2.1.3.3.3.2.2.2,5,12
385,TreeNode,1.1.1.2.1.2.1.3.3.3.2.2.2.1,2,13
472,TreeNode,1.1.1.2.1.2.1.3.3.3.2.2.2.1.1,1,14
594,TreeNode,1.1.1.2.1.2.1.3.3.3.2.2.2.1.1.1,0,15
473,TreeNode,1.1.1.2.1.2.1.3.3.3.2.2.2.1.2,0,14
474,TreeNode,1.1.1.2.1.2.1.3.3.3.2.2.2.1.3,0,14
386,TreeNode,1.1.1.2.1.2.1.3.3.3.2.2.2.2,0,13
387,TreeNode,1.1.1.2.1.2.1.3.3.3.2.2.2.3,4,13
744,TreeNode,1.1.1.2.1.2.1.3.3.3.2.2.2.3.1,0,14
745,TreeNode,1.1.1.2.1.2.1.3.3.3.2.2.2.3.2,3,14
878,TreeNode,1.1.1.2.1.2.1.3.3.3.2.2.2.3.2.1,2,15
904,TreeNode,1.1.1.2.1.2.1.3.3.3.2.2.2.3.2.1.1,0,16
905,TreeNode,1.1.1.2.1.2.1.3.3.3.2.2.2.3.2.1.2,0,16
906,TreeNode,1.1.1.2.1.2.1.3.3.3.2.2.2.3.2.1.3,1,16
977,TreeNode,1.1.1.2.1.2.1.3.3.3.2.2.2.3.2.1.3.1,0,17
978,TreeNode,1.1.1.2.1.2.1.3.3.3.2.2.2.3.2.1.3.2,0,17
979,TreeNode,1.1.1.2.1.2.1.3.3.3.2.2.2.3.2.1.3.3,0,17
879,TreeNode,1.1.1.2.1.2.1.3.3.3.2.2.2.3.2.2,0,15
880,TreeNode,1.1.1.2.1.2.1.3.3.3.2.2.2.3.2.3,0,15
222,TreeNode,1.1.1.2.1.2.1.3.3.3.2.2.3,0,12
97,TreeNode,1.1.1.2.1.2.1.3.3.3.3,4,10
131,TreeNode,1.1.1.2.1.2.1.3.3.3.3.1,0,11
132,TreeNode,1.1.1.2.1.2.1.3.3.3.3.2,3,11
610,TreeNode,1.1.1.2.1.2.1.3.3.3.3.2.1,2,12
624,TreeNode,1.1.1.2.1.2.1.3.3.3.3.2.1.1,1,13
954,TreeNode,1.1.1.2.1.2.1.3.3.3.3.2.1.1.1,0,14
955,TreeNode,1.1.1.2.1.2.1.3.3.3.3.2.1.1.2,0,14
611,TreeNode,1.1.1.2.1.2.1.3.3.3.3.2.2,0,12
133,TreeNode,1.1.1.2.1.2.1.3.3.3.3.3,2,11
184,TreeNode,1.1.1.2.1.2.1.3.3.3.3.3.1,1,12
206,TreeNode,1.1.1.2.1.2.1.3.3.3.3.3.1.1,0,13
9,TreeNode,1.1.1.2.2,2,4
81,TreeNode,1.1.1.2.2.1,1,5
299,TreeNode,1.1.1.2.2.1.1,0,6
300,TreeNode,1.1.1.2.2.1.2,0,6
10,TreeNode,1.1.1.2.3,11,4
11,TreeNode,1.1.1.2.3.1,10,5
17,TreeNode,1.1.1.2.3.1.1,3,6
44,TreeNode,1.1.1.2.3.1.1.1,2,7
500,TreeNode,1.1.1.2.3.1.1.1.1,1,8
859,TreeNode,1.1.1.2.3.1.1.1.1.1,0,9
860,TreeNode,1.1.1.2.3.1.1.1.1.2,0,9
501,TreeNode,1.1.1.2.3.1.1.1.2,0,8
502,TreeNode,1.1.1.2.3.1.1.1.3,1,8
812,TreeNode,1.1.1.2.3.1.1.1.3.1,0,9
18,TreeNode,1.1.1.2.3.1.2,9,6
31,TreeNode,1.1.1.2.3.1.2.1,8,7
204,TreeNode,1.1.1.2.3.1.2.1.1,7,8
311,TreeNode,1.1.1.2.3.1.2.1.1.1,6,9
327,TreeNode,1.1.1.2.3.1.2.1.1.1.1,5,10
604,TreeNode,1.1.1.2.3.1.2.1.1.1.1.1,4,11
736,TreeNode,1.1.1.2.3.1.2.1.1.1.1.1.1,1,12
775,TreeNode,1.1.1.2.3.1.2.1.1.1.1.1.1.1,0,13
737,TreeNode,1.1.1.2.3.1.2.1.1.1.1.1.2,0,12
738,TreeNode,1.1.1.2.3.1.2.1.1.1.1.1.3,3,12
912,TreeNode,1.1.1.2.3.1.2.1.1.1.1.1.3.1,1,13
996,TreeNode,1.1.1.2.3.1.2.1.1.1.1.1.3.1.1,0,14
913,TreeNode,1.1.1.2.3.1.2.1.1.1.1.1.3.2,2,13
920,TreeNode,1.1.1.2.3.1.2.1.1.1.1.1.3.2.1,1,14
995,TreeNode,1.1.1.2.3.1.2.1.1.1.1.1.3.2.1.1,0,15
921,TreeNode,1.1.1.2.3.1.2.1.1.1.1.1.3.2.2,1,14
937,TreeNode,1.1.1.2.3.1.2.1.1.1.1.1.3.2.2.1,0,15
922,TreeNode,1.1.1.2.3.1.2.1.1.1.1.1.3.2.3,0,14
328,TreeNode,1.1.1.2.3.1.2.1.1.1.2,0,10
329,TreeNode,1.1.1.2.3.1.2.1.1.1.3,1,10
536,TreeNode,1.1.1.2.3.1.2.1.1.1.3.1,0,11
205,TreeNode,1.1.1.2.3.1.2.1.2,4,8
254,TreeNode,1.1.1.2.3.1.2.1.2.1,3,9
344,TreeNode,1.1.1.2.3.1.2.1.2.1.1,2,10
394,TreeNode,1.1.1.2.3.1.2.1.2.1.1.1,1,11
539,TreeNode,1.1.1.2.3.1.2.1.2.1.1.1.1,0,12
395,TreeNode,1.1.1.2.3.1.2.1.2.1.1.2,1,11
643,TreeNode,1.1.1.2.3.1.2.1.2.1.1.2.1,0,12
644,TreeNode,1.1.1.2.3.1.2.1.2.1.1.2.2,0,12
345,TreeNode,1.1.1.2.3.1.2.1.2.1.2,2,10
678,TreeNode,1.1.1.2.3.1.2.1.2.1.2.1,1,11
843,TreeNode,1.1.1.2.3.1.2.1.2.1.2.1.1,0,12
679,TreeNode,1.1.1.2.3.1.2.1.2.1.2.2,1,11
712,TreeNode,1.1.1.2.3.1.2.1.2.1.2.2.1,0,12
680,TreeNode,1.1.1.2.3.1.2.1.2.1.2.3,0,11
346,TreeNode,1.1.1.2.3.1.2.1.2.1.3,1,10
648,TreeNode,1.1.1.2.3.1.2.1.2.1.3.1,0,11
32,TreeNode,1.1.1.2.3.1.2.2,1,7
213,TreeNode,1.1.1.2.3.1.2.2.1,0,8
214,TreeNode,1.1.1.2.3.1.2.2.2,0,8
33,TreeNode,1.1.1.2.3.1.2.3,5,7
67,TreeNode,1.1.1.2.3.1.2.3.1,1,8
403,TreeNode,1.1.1.2.3.1.2.3.1.1,0,9
404,TreeNode,1.1.1.2.3.1.2.3.1.2,0,9
405,TreeNode,1.1.1.2.3.1.2.3.1.3,0,9
68,TreeNode,1.1.1.2.3.1.2.3.2,4,8
492,TreeNode,1.1.1.2.3.1.2.3.2.1,0,9
493,TreeNode,1.1.1.2.3.1.2.3.2.2,3,9
508,TreeNode,1.1.1.2.3.1.2.3.2.2.1,2,10
721,TreeNode,1.1.1.2.3.1.2.3.2.2.1.1,0,11
722,TreeNode,1.1.1.2.3.1.2.3.2.2.1.2,0,11
723,TreeNode,1.1.1.2.3.1.2.3.2.2.1.3,1,11
854,TreeNode,1.1.1.2.3.1.2.3.2.2.1.3.1,0,12
855,TreeNode,1.1.1.2.3.1.2.3.2.2.1.3.2,0,12
509,TreeNode,1.1.1.2.3.1.2.3.2.2.2,0,10
494,TreeNode,1.1.1.2.3.1.2.3.2.3,0,9
69,TreeNode,1.1.1.2.3.1.2.3.3,0,8
19,TreeNode,1.1.1.2.3.1.3,7,6
30,TreeNode,1.1.1.2.3.1.3.1,6,7
49,TreeNode,1.1.1.2.3.1.3.1.1,2,8
53,TreeNode,1.1.1.2.3.1.3.1.1.1,1,9
294,TreeNode,1.1.1.2.3.1.3.1.1.1.1,0,10
295,TreeNode,1.1.1.2.3.1.3.1.1.1.2,0,10
50,TreeNode,1.1.1.2.3.1.3.1.2,2,8
640,TreeNode,1.1.1.2.3.1.3.1.2.1,0,9
641,TreeNode,1.1.1.2.3.1.3.1.2.2,1,9
789,TreeNode,1.1.1.2.3.1.3.1.2.2.1,0,10
642,TreeNode,1.1.1.2.3.1.3.1.2.3,1,9
762,TreeNode,1.1.1.2.3.1.3.1.2.3.1,0,10
51,TreeNode,1.1.1.2.3.1.3.1.3,5,8
336,TreeNode,1.1.1.2.3.1.3.1.3.1,2,9
380,TreeNode,1.1.1.2.3.1.3.1.3.1.1,0,10
381,TreeNode,1.1.1.2.3.1.3.1.3.1.2,0,10
382,TreeNode,1.1.1.2.3.1.3.1.3.1.3,1,10
583,TreeNode,1.1.1.2.3.1.3.1.3.1.3.1,0,11
337,TreeNode,1.1.1.2.3.1.3.1.3.2,4,9
444,TreeNode,1.1.1.2.3.1.3.1.3.2.1,3,10
630,TreeNode,1.1.1.2.3.1.3.1.3.2.1.1,2,11
751,TreeNode,1.1.1.2.3.1.3.1.3.2.1.1.1,0,12
752,TreeNode,1.1.1.2.3.1.3.1.3.2.1.1.2,1,12
984,TreeNode,1.1.1.2.3.1.3.1.3.2.1.1.2.1,0,13
753,TreeNode,1.1.1.2.3.1.3.1.3.2.1.1.3,0,12
445,TreeNode,1.1.1.2.3.1.3.1.3.2.2,0,10
446,TreeNode,1.1.1.2.3.1.3.1.3.2.3,3,10
588,TreeNode,1.1.1.2.3.1.3.1.3.2.3.1,2,11
689,TreeNode,1.1.1.2.3.1.3.1.3.2.3.1.1,0,12
690,TreeNode,1.1.1.2.3.1.3.1.3.2.3.1.2,1,12
839,TreeNode,1.1.1.2.3.1.3.1.3.2.3.1.2.1,0,13
840,TreeNode,1.1.1.2.3.1.3.1.3.2.3.1.2.2,0,13
589,TreeNode,1.1.1.2.3.1.3.1.3.2.3.2,0,11
338,TreeNode,1.1.1.2.3.1.3.1.3.3,1,9
908,TreeNode,1.1.1.2.3.1.3.1.3.3.1,0,10
12,TreeNode,1.1.1.2.3.2,1,5
48,TreeNode,1.1.1.2.3.2.1,0,6
3,TreeNode,1.2,11,1
4,TreeNode,1.2.1,10,2
28,TreeNode,1.2.1.1,9,3
93,TreeNode,1.2.1.1.1,4,4
148,TreeNode,1.2.1.1.1.1,3,5
457,TreeNode,1.2.1.1.1.1.1,1,6
714,TreeNode,1.2.1.1.1.1.1.1,0,7
715,TreeNode,1.2.1.1.1.1.1.2,0,7
458,TreeNode,1.2.1.1.1.1.2,2,6
575,TreeNode,1.2.1.1.1.1.2.1,0,7
576,TreeNode,1.2.1.1.1.1.2.2,0,7
577,TreeNode,1.2.1.1.1.1.2.3,1,7
720,TreeNode,1.2.1.1.1.1.2.3.1,0,8
94,TreeNode,1.2.1.1.2,8,4
289,TreeNode,1.2.1.1.2.1,2,5
741,TreeNode,1.2.1.1.2.1.1,0,6
742,TreeNode,1.2.1.1.2.1.2,0,6
743,TreeNode,1.2.1.1.2.1.3,1,6
779,TreeNode,1.2.1.1.2.1.3.1,0,7
780,TreeNode,1.2.1.1.2.1.3.2,0,7
290,TreeNode,1.2.1.1.2.2,7,5
376,TreeNode,1.2.1.1.2.2.1,6,6
414,TreeNode,1.2.1.1.2.2.1.1,2,7
619,TreeNode,1.2.1.1.2.2.1.1.1,0,8
620,TreeNode,1.2.1.1.2.2.1.1.2,0,8
621,TreeNode,1.2.1.1.2.2.1.1.3,1,8
639,TreeNode,1.2.1.1.2.2.1.1.3.1,0,9
415,TreeNode,1.2.1.1.2.2.1.2,1,7
593,TreeNode,1.2.1.1.2.2.1.2.1,0,8
416,TreeNode,1.2.1.1.2.2.1.3,5,7
434,TreeNode,1.2.1.1.2.2.1.3.1,0,8
435,TreeNode,1.2.1.1.2.2.1.3.2,4,8
475,TreeNode,1.2.1.1.2.2.1.3.2.1,3,9
637,TreeNode,1.2.1.1.2.2.1.3.2.1.1,2,10
802,TreeNode,1.2.1.1.2.2.1.3.2.1.1.1,1,11
989,TreeNode,1.2.1.1.2.2.1.3.2.1.1.1.1,0,12
990,TreeNode,1.2.1.1.2.2.1.3.2.1.1.1.2,0,12
991,TreeNode,1.2.1.1.2.2.1.3.2.1.1.1.3,0,12
476,TreeNode,1.2.1.1.2.2.1.3.2.2,0,9
436,TreeNode,1.2.1.1.2.2.1.3.3,4,8
596,TreeNode,1.2.1.1.2.2.1.3.3.1,3,9
598,TreeNode,1.2.1.1.2.2.1.3.3.1.1,2,10
805,TreeNode,1.2.1.1.2.2.1.3.3.1.1.1,1,11
894,TreeNode,1.2.1.1.2.2.1.3.3.1.1.1.1,0,12
895,TreeNode,1.2.1.1.2.2.1.3.3.1.1.1.2,0,12
896,TreeNode,1.2.1.1.2.2.1.3.3.1.1.1.3,0,12
806,TreeNode,1.2.1.1.2.2.1.3.3.1.1.2,0,11
807,TreeNode,1.2.1.1.2.2.1.3.3.1.1.3,0,11
599,TreeNode,1.2.1.1.2.2.1.3.3.1.2,0,10
597,TreeNode,1.2.1.1.2.2.1.3.3.2,0,9
377,TreeNode,1.2.1.1.2.2.2,2,6
607,TreeNode,1.2.1.1.2.2.2.1,1,7
768,TreeNode,1.2.1.1.2.2.2.1.1,0,8
378,TreeNode,1.2.1.1.2.2.3,0,6
291,TreeNode,1.2.1.1.2.3,1,5
335,TreeNode,1.2.1.1.2.3.1,0,6
29,TreeNode,1.2.1.2,3,3
141,TreeNode,1.2.1.2.1,0,4
142,TreeNode,1.2.1.2.2,2,4
506,TreeNode,1.2.1.2.2.1,0,5
507,TreeNode,1.2.1.2.2.2,1,5
864,TreeNode,1.2.1.2.2.2.1,0,6
865,TreeNode,1.2.1.2.2.2.2,0,6
